config,scenario,family,burst_len,txn_count,gap,id_mode,ok,mismatched,bytes_moved,clk_mhz,wr_cycles,wr_util,wr_bw_mb_s,rd_cycles,rd_util,rd_bw_mb_s,rd_avg_latency_cyc,rd_hist_total,notes
baseline,incremental_bl4,incremental,4,64000,0,0,1,0,2048000,66.667,1183821,0.0400,115.33,1189659,0.0400,114.77,49.15,64000,
baseline,incremental_bl8,incremental,8,64000,0,0,1,0,4096000,66.667,2367562,0.0799,115.34,2379202,0.0799,114.77,49.17,64000,
baseline,incremental_bl16,incremental,16,64000,0,0,1,0,8192000,66.667,4735100,0.1066,115.34,4758561,0.1066,114.77,49.17,64000,
baseline,row_major_bl4,row_major,4,64000,0,0,1,0,2048000,66.667,1183541,0.0400,115.36,1177205,0.0399,115.98,49.13,64000,
baseline,row_major_bl8,row_major,8,64000,0,0,1,0,4096000,66.667,2367157,0.0799,115.36,2354363,0.0799,115.98,49.13,64000,
baseline,row_major_bl16,row_major,16,64000,0,0,1,0,8192000,66.667,4734233,0.1066,115.36,4708751,0.1066,115.98,49.13,64000,
baseline,col_major_bl4,col_major,4,64000,0,0,0,26624,2048000,66.667,4305332,0.0300,31.71,4121037,0.0300,33.13,192.00,64000,26624 beats mismatched
baseline,col_major_bl8,col_major,8,64000,0,0,0,53248,4096000,66.667,5428849,0.0533,50.30,4624624,0.0533,59.05,96.00,64000,53248 beats mismatched
baseline,col_major_bl16,col_major,16,64000,0,0,0,40960,8192000,66.667,7803986,0.0800,69.98,6937085,0.0872,78.73,96.00,64000,40960 beats mismatched
baseline,col_major_interleaved_bl4,col_major_interleaved,4,64000,0,0,1,0,2048000,66.667,1193047,0.0400,114.44,2098550,0.0400,65.06,97.21,64000,
baseline,col_major_interleaved_bl8,col_major_interleaved,8,64000,0,0,1,0,4096000,66.667,2376659,0.0799,114.90,4027896,0.0600,67.79,94.46,64000,
baseline,col_major_interleaved_bl16,col_major_interleaved,16,64000,0,0,1,0,8192000,66.667,4756782,0.1066,114.81,6243150,0.0960,87.48,81.60,64000,
baseline,col_major_bl8_multiid,col_major,8,64000,0,2,0,53248,4096000,66.667,5428892,0.0533,50.30,4624703,0.0533,59.05,96.00,64007,53248 beats mismatched; hist total 64007 != txn_count 64000
baseline,col_major_bl8_gap,col_major,8,64000,8,0,0,53248,4096000,66.667,5428838,0.0533,50.30,4624765,0.0533,59.04,96.01,64000,53248 beats mismatched
bank_interleave,incremental_bl4,incremental,4,64000,0,0,0,60928,2048000,66.667,1189269,0.0399,114.80,1181268,0.0400,115.58,49.40,64000,60928 beats mismatched
bank_interleave,incremental_bl8,incremental,8,64000,0,0,0,56320,4096000,66.667,2378536,0.0799,114.81,2362613,0.0799,115.58,49.49,64000,56320 beats mismatched
bank_interleave,incremental_bl16,incremental,16,64000,0,0,0,47104,8192000,66.667,4757177,0.1066,114.80,4725100,0.1066,115.58,49.51,64000,47104 beats mismatched
bank_interleave,row_major_bl4,row_major,4,64000,0,0,0,60928,2048000,66.667,1183593,0.0400,115.36,1177305,0.0400,115.97,49.13,64000,60928 beats mismatched
bank_interleave,row_major_bl8,row_major,8,64000,0,0,0,56320,4096000,66.667,2367157,0.0799,115.36,2354596,0.0799,115.97,49.13,64000,56320 beats mismatched
bank_interleave,row_major_bl16,row_major,16,64000,0,0,0,47104,8192000,66.667,4734181,0.1066,115.36,4709099,0.1066,115.97,49.13,64000,47104 beats mismatched
bank_interleave,col_major_bl4,col_major,4,64000,0,0,0,43008,2048000,66.667,4122818,0.0300,33.12,4110845,0.0300,33.21,192.00,64000,43008 beats mismatched
bank_interleave,col_major_bl8,col_major,8,64000,0,0,0,36864,4096000,66.667,5202702,0.0532,52.49,4624588,0.0533,59.05,103.11,64000,36864 beats mismatched
bank_interleave,col_major_bl16,col_major,16,64000,0,0,0,8192,8192000,66.667,7644695,0.0872,71.44,6936886,0.0872,78.73,97.07,64000,8192 beats mismatched
bank_interleave,col_major_interleaved_bl4,col_major_interleaved,4,64000,0,0,0,62464,2048000,66.667,1560703,0.0400,87.48,1452024,0.0400,94.03,67.81,64000,62464 beats mismatched
bank_interleave,col_major_interleaved_bl8,col_major_interleaved,8,64000,0,0,0,56320,4096000,66.667,2725198,0.0685,100.20,2601358,0.0685,104.97,60.00,64000,56320 beats mismatched
bank_interleave,col_major_interleaved_bl16,col_major_interleaved,16,64000,0,0,0,47104,8192000,66.667,5096473,0.1063,107.16,4994580,0.1066,109.35,55.32,64000,47104 beats mismatched
bank_interleave,col_major_bl8_multiid,col_major,8,64000,0,2,0,36864,4096000,66.667,5202710,0.0533,52.49,4624627,0.0533,59.05,103.10,64007,36864 beats mismatched; hist total 64007 != txn_count 64000
bank_interleave,col_major_bl8_gap,col_major,8,64000,8,0,0,36864,4096000,66.667,5202707,0.0533,52.49,4624605,0.0533,59.05,103.11,64000,36864 beats mismatched
open_page,incremental_bl4,incremental,4,64000,0,0,0,22725,2048000,66.667,7740645,0.0218,17.64,7892635,0.0200,17.30,370.71,64000,22725 beats mismatched
open_page,incremental_bl8,incremental,8,64000,0,0,0,43981,4096000,66.667,15480600,0.0253,17.64,15785175,0.0253,17.30,369.49,64000,43981 beats mismatched
open_page,incremental_bl16,incremental,16,64000,0,0,0,14254,8192000,66.667,30960475,0.0291,17.64,31571126,0.0282,17.30,372.55,64000,14254 beats mismatched
open_page,row_major_bl4,row_major,4,64000,0,0,0,62341,2048000,66.667,8140700,0.0200,16.77,8140594,0.0200,16.77,383.99,64000,62341 beats mismatched
open_page,row_major_bl8,row_major,8,64000,0,0,0,59146,4096000,66.667,16281304,0.0253,16.77,16281323,0.0253,16.77,383.99,64000,59146 beats mismatched
open_page,row_major_bl16,row_major,16,64000,0,0,0,52757,8192000,66.667,32562782,0.0274,16.77,32562873,0.0274,16.77,383.99,64000,52757 beats mismatched
open_page,col_major_bl4,col_major,4,64000,0,0,0,43024,2048000,66.667,8148599,0.0200,16.76,8148283,0.0200,16.76,383.99,64000,43024 beats mismatched
open_page,col_major_bl8,col_major,8,64000,0,0,0,20574,4096000,66.667,16296878,0.0240,16.76,16296915,0.0240,16.76,383.99,64000,20574 beats mismatched
open_page,col_major_bl16,col_major,16,64000,0,0,0,41381,8192000,66.667,32594044,0.0274,16.76,32593956,0.0274,16.76,383.99,64000,41381 beats mismatched
open_page,col_major_interleaved_bl4,col_major_interleaved,4,64000,0,0,0,5843,2048000,66.667,1530831,0.0400,89.19,2577489,0.0343,52.97,89.60,64000,5843 beats mismatched
open_page,col_major_interleaved_bl8,col_major_interleaved,8,64000,0,0,0,59395,4096000,66.667,3374579,0.0685,80.92,7804169,0.0400,34.99,144.00,64000,59395 beats mismatched
open_page,col_major_interleaved_bl16,col_major_interleaved,16,64000,0,0,0,53248,8192000,66.667,11166998,0.0640,48.91,19544100,0.0417,27.94,203.68,64000,53248 beats mismatched
open_page,col_major_bl8_multiid,col_major,8,64000,0,2,0,20576,4096000,66.667,16296887,0.0240,16.76,16297053,0.0240,16.76,383.97,64007,20576 beats mismatched; hist total 64007 != txn_count 64000
open_page,col_major_bl8_gap,col_major,8,64000,8,0,0,20536,4096000,66.667,16296883,0.0240,16.76,16297117,0.0240,16.76,383.99,64000,20536 beats mismatched
inorder,incremental_bl4,incremental,4,64000,0,0,1,0,2048000,66.667,1183747,0.0400,115.34,1189700,0.0400,114.76,49.15,64000,
inorder,incremental_bl8,incremental,8,64000,0,0,1,0,4096000,66.667,2367554,0.0799,115.34,2379229,0.0799,114.77,49.24,64000,
inorder,incremental_bl16,incremental,16,64000,0,0,1,0,8192000,66.667,4735036,0.1066,115.34,4758500,0.1066,114.77,49.17,64000,
inorder,row_major_bl4,row_major,4,64000,0,0,1,0,2048000,66.667,1183546,0.0400,115.36,1177210,0.0400,115.98,49.13,64000,
inorder,row_major_bl8,row_major,8,64000,0,0,1,0,4096000,66.667,2367157,0.0799,115.36,2354404,0.0799,115.98,49.13,64000,
inorder,row_major_bl16,row_major,16,64000,0,0,1,0,8192000,66.667,4734233,0.1066,115.36,4708751,0.1066,115.98,49.13,64000,
inorder,col_major_bl4,col_major,4,64000,0,0,0,26624,2048000,66.667,4305339,0.0300,31.71,4120846,0.0300,33.13,192.00,64000,26624 beats mismatched
inorder,col_major_bl8,col_major,8,64000,0,0,0,53248,4096000,66.667,5428844,0.0533,50.30,4624609,0.0533,59.05,96.00,64000,53248 beats mismatched
inorder,col_major_bl16,col_major,16,64000,0,0,0,40960,8192000,66.667,7803944,0.0800,69.98,6937185,0.0872,78.73,96.00,64000,40960 beats mismatched
inorder,col_major_interleaved_bl4,col_major_interleaved,4,64000,0,0,1,0,2048000,66.667,1192966,0.0400,114.45,2092693,0.0400,65.24,97.07,64000,
inorder,col_major_interleaved_bl8,col_major_interleaved,8,64000,0,0,1,0,4096000,66.667,2376662,0.0799,114.90,4027885,0.0600,67.79,94.46,64000,
inorder,col_major_interleaved_bl16,col_major_interleaved,16,64000,0,0,1,0,8192000,66.667,4756775,0.1066,114.81,6243097,0.0960,87.48,81.59,64000,
inorder,col_major_bl8_multiid,col_major,8,64000,0,2,0,53248,4096000,66.667,5428882,0.0533,50.30,4624768,0.0533,59.04,96.00,64007,53248 beats mismatched; hist total 64007 != txn_count 64000
inorder,col_major_bl8_gap,col_major,8,64000,8,0,0,53248,4096000,66.667,5428854,0.0533,50.30,4624618,0.0533,59.05,96.00,64000,53248 beats mismatched
reorder,incremental_bl4,incremental,4,64000,0,0,0,23343,2048000,66.667,7740541,0.0218,17.64,7893178,0.0200,17.30,370.71,64000,23343 beats mismatched
reorder,incremental_bl8,incremental,8,64000,0,0,0,45315,4096000,66.667,15480606,0.0253,17.64,15785616,0.0253,17.30,369.41,64000,45315 beats mismatched
reorder,incremental_bl16,incremental,16,64000,0,0,0,27723,8192000,66.667,30960315,0.0291,17.64,31571177,0.0282,17.30,372.54,64000,27723 beats mismatched
reorder,row_major_bl4,row_major,4,64000,0,0,0,62341,2048000,66.667,8140847,0.0200,16.77,8140869,0.0200,16.77,383.99,64000,62341 beats mismatched
reorder,row_major_bl8,row_major,8,64000,0,0,0,59147,4096000,66.667,16281292,0.0253,16.77,16281403,0.0253,16.77,383.99,64000,59147 beats mismatched
reorder,row_major_bl16,row_major,16,64000,0,0,0,52757,8192000,66.667,32562850,0.0274,16.77,32562724,0.0274,16.77,383.99,64000,52757 beats mismatched
reorder,col_major_bl4,col_major,4,64000,0,0,0,43023,2048000,66.667,8148338,0.0200,16.76,8148495,0.0200,16.76,383.99,64000,43023 beats mismatched
reorder,col_major_bl8,col_major,8,64000,0,0,0,20575,4096000,66.667,16297160,0.0240,16.76,16296913,0.0240,16.76,383.99,64000,20575 beats mismatched
reorder,col_major_bl16,col_major,16,64000,0,0,0,41385,8192000,66.667,32593930,0.0274,16.76,32594149,0.0274,16.76,383.99,64000,41385 beats mismatched
reorder,col_major_interleaved_bl4,col_major_interleaved,4,64000,0,0,0,5843,2048000,66.667,1530604,0.0400,89.20,2577194,0.0343,52.98,89.63,64000,5843 beats mismatched
reorder,col_major_interleaved_bl8,col_major_interleaved,8,64000,0,0,0,59392,4096000,66.667,3374873,0.0685,80.91,7804066,0.0400,34.99,144.00,64000,59392 beats mismatched
reorder,col_major_interleaved_bl16,col_major_interleaved,16,64000,0,0,0,53248,8192000,66.667,11166934,0.0640,48.91,19544112,0.0417,27.94,203.69,64000,53248 beats mismatched
reorder,col_major_bl8_multiid,col_major,8,64000,0,2,0,20573,4096000,66.667,16297007,0.0240,16.76,16296902,0.0240,16.76,383.97,64007,20573 beats mismatched; hist total 64007 != txn_count 64000
reorder,col_major_bl8_gap,col_major,8,64000,8,0,0,20431,4096000,66.667,16296878,0.0240,16.76,16296901,0.0240,16.76,383.99,64000,20431 beats mismatched
