elapsed_s,phase,round,base_addr,ok,wr_done,rd_done,mism,rd_error,cum_beats,fails,eye_fails
8.5,init-verify-B,0,0x04000000,1,1,1,0,0,1048576,0,0
9.2,soak,1,0x01C00000,1,1,1,0,0,2097152,0,0
9.9,soak,2,0x03800000,1,1,1,0,0,3145728,0,0
10.6,soak,3,0x01800000,1,1,1,0,0,4194304,0,0
11.3,soak,4,0x03400000,1,1,1,0,0,5242880,0,0
12.0,soak,5,0x01400000,1,1,1,0,0,6291456,0,0
12.7,soak,6,0x03000000,1,1,1,0,0,7340032,0,0
13.5,soak,7,0x01000000,1,1,1,0,0,8388608,0,0
14.2,soak,8,0x02C00000,1,1,1,0,0,9437184,0,0
14.9,soak,9,0x00C00000,1,1,1,0,0,10485760,0,0
15.5,concurrent,10,0x02800000,0,1,1,7,1,11534336,1,0
16.1,verify-A,10,0x02800000,0,1,1,0,1,12582912,2,0
16.8,soak,11,0x00800000,1,1,1,0,0,13631488,2,0
17.5,soak,12,0x02400000,1,1,1,0,0,14680064,2,0
18.2,soak,13,0x00400000,1,1,1,0,0,15728640,2,0
18.9,soak,14,0x02000000,1,1,1,0,0,16777216,2,0
19.6,soak,15,0x00000000,1,1,1,0,0,17825792,2,0
20.3,soak,16,0x01C00000,1,1,1,0,0,18874368,2,0
21.0,soak,17,0x03800000,1,1,1,0,0,19922944,2,0
21.7,soak,18,0x01800000,1,1,1,0,0,20971520,2,0
22.4,soak,19,0x03400000,1,1,1,0,0,22020096,2,0
23.1,concurrent,20,0x01400000,0,1,1,2,1,23068672,3,0
23.6,verify-A,20,0x01400000,0,1,1,0,1,24117248,4,0
24.4,soak,21,0x03000000,1,1,1,0,0,25165824,4,0
25.1,soak,22,0x01000000,1,1,1,0,0,26214400,4,0
25.8,soak,23,0x02C00000,1,1,1,0,0,27262976,4,0
26.5,soak,24,0x00C00000,1,1,1,0,0,28311552,4,0
27.2,soak,25,0x02800000,1,1,1,0,0,29360128,4,0
27.9,soak,26,0x00800000,1,1,1,0,0,30408704,4,0
28.6,soak,27,0x02400000,1,1,1,0,0,31457280,4,0
29.3,soak,28,0x00400000,1,1,1,0,0,32505856,4,0
30.0,soak,29,0x02000000,1,1,1,0,0,33554432,4,0
30.7,concurrent,30,0x00000000,0,1,1,2,1,34603008,5,0
31.2,verify-A,30,0x00000000,0,1,1,0,1,35651584,6,0
31.9,soak,31,0x01C00000,1,1,1,0,0,36700160,6,0
32.7,soak,32,0x03800000,1,1,1,0,0,37748736,6,0
33.4,soak,33,0x01800000,1,1,1,0,0,38797312,6,0
34.1,soak,34,0x03400000,1,1,1,0,0,39845888,6,0
34.8,soak,35,0x01400000,1,1,1,0,0,40894464,6,0
35.5,soak,36,0x03000000,1,1,1,0,0,41943040,6,0
36.2,soak,37,0x01000000,1,1,1,0,0,42991616,6,0
36.9,soak,38,0x02C00000,1,1,1,0,0,44040192,6,0
37.6,soak,39,0x00C00000,1,1,1,0,0,45088768,6,0
38.3,concurrent,40,0x02800000,0,1,1,2,1,46137344,7,0
38.8,verify-A,40,0x02800000,0,1,1,0,1,47185920,8,0
39.5,soak,41,0x00800000,1,1,1,0,0,48234496,8,0
40.2,soak,42,0x02400000,1,1,1,0,0,49283072,8,0
40.9,soak,43,0x00400000,1,1,1,0,0,50331648,8,0
41.6,soak,44,0x02000000,1,1,1,0,0,51380224,8,0
42.3,soak,45,0x00000000,1,1,1,0,0,52428800,8,0
43.1,soak,46,0x01C00000,1,1,1,0,0,53477376,8,0
43.8,soak,47,0x03800000,1,1,1,0,0,54525952,8,0
44.5,soak,48,0x01800000,1,1,1,0,0,55574528,8,0
45.2,soak,49,0x03400000,1,1,1,0,0,56623104,8,0
45.9,concurrent,50,0x01400000,0,1,1,13,1,57671680,9,0
46.4,verify-A,50,0x01400000,0,1,1,0,1,58720256,10,0
47.1,soak,51,0x03000000,1,1,1,0,0,59768832,10,0
47.9,soak,52,0x01000000,1,1,1,0,0,60817408,10,0
48.6,soak,53,0x02C00000,1,1,1,0,0,61865984,10,0
49.3,soak,54,0x00C00000,1,1,1,0,0,62914560,10,0
50.0,soak,55,0x02800000,1,1,1,0,0,63963136,10,0
50.7,soak,56,0x00800000,1,1,1,0,0,65011712,10,0
51.4,soak,57,0x02400000,1,1,1,0,0,66060288,10,0
52.1,soak,58,0x00400000,1,1,1,0,0,67108864,10,0
52.8,soak,59,0x02000000,1,1,1,0,0,68157440,10,0
53.5,concurrent,60,0x00000000,0,1,1,10,1,69206016,11,0
54.0,verify-A,60,0x00000000,0,1,1,0,1,70254592,12,0
54.7,soak,61,0x01C00000,1,1,1,0,0,71303168,12,0
55.5,soak,62,0x03800000,1,1,1,0,0,72351744,12,0
56.2,soak,63,0x01800000,1,1,1,0,0,73400320,12,0
56.9,soak,64,0x03400000,1,1,1,0,0,74448896,12,0
57.6,soak,65,0x01400000,1,1,1,0,0,75497472,12,0
58.3,soak,66,0x03000000,1,1,1,0,0,76546048,12,0
59.0,soak,67,0x01000000,1,1,1,0,0,77594624,12,0
59.7,soak,68,0x02C00000,1,1,1,0,0,78643200,12,0
60.4,soak,69,0x00C00000,1,1,1,0,0,79691776,12,0
61.1,concurrent,70,0x02800000,0,1,1,4,1,80740352,13,0
61.7,verify-A,70,0x02800000,0,1,1,0,1,81788928,14,0
62.4,soak,71,0x00800000,1,1,1,0,0,82837504,14,0
63.1,soak,72,0x02400000,1,1,1,0,0,83886080,14,0
63.8,soak,73,0x00400000,1,1,1,0,0,84934656,14,0
64.5,soak,74,0x02000000,1,1,1,0,0,85983232,14,0
65.2,soak,75,0x00000000,1,1,1,0,0,87031808,14,0
65.9,soak,76,0x01C00000,1,1,1,0,0,88080384,14,0
66.6,soak,77,0x03800000,1,1,1,0,0,89128960,14,0
67.3,soak,78,0x01800000,1,1,1,0,0,90177536,14,0
68.0,soak,79,0x03400000,1,1,1,0,0,91226112,14,0
68.7,concurrent,80,0x01400000,0,1,1,6,1,92274688,15,0
69.2,verify-A,80,0x01400000,0,1,1,0,1,93323264,16,0
69.9,soak,81,0x03000000,1,1,1,0,0,94371840,16,0
70.6,soak,82,0x01000000,1,1,1,0,0,95420416,16,0
71.3,soak,83,0x02C00000,1,1,1,0,0,96468992,16,0
72.0,soak,84,0x00C00000,1,1,1,0,0,97517568,16,0
72.7,soak,85,0x02800000,1,1,1,0,0,98566144,16,0
73.5,soak,86,0x00800000,1,1,1,0,0,99614720,16,0
74.2,soak,87,0x02400000,1,1,1,0,0,100663296,16,0
74.9,soak,88,0x00400000,1,1,1,0,0,101711872,16,0
75.6,soak,89,0x02000000,1,1,1,0,0,102760448,16,0
76.3,concurrent,90,0x00000000,0,1,1,1,1,103809024,17,0
76.8,verify-A,90,0x00000000,0,1,1,0,1,104857600,18,0
77.5,soak,91,0x01C00000,1,1,1,0,0,105906176,18,0
78.2,soak,92,0x03800000,1,1,1,0,0,106954752,18,0
78.9,soak,93,0x01800000,1,1,1,0,0,108003328,18,0
79.6,soak,94,0x03400000,1,1,1,0,0,109051904,18,0
80.3,soak,95,0x01400000,1,1,1,0,0,110100480,18,0
81.1,soak,96,0x03000000,1,1,1,0,0,111149056,18,0
81.8,soak,97,0x01000000,1,1,1,0,0,112197632,18,0
82.5,soak,98,0x02C00000,1,1,1,0,0,113246208,18,0
83.2,soak,99,0x00C00000,1,1,1,0,0,114294784,18,0
83.8,concurrent,100,0x02800000,0,1,1,4,1,115343360,19,0
84.4,verify-A,100,0x02800000,0,1,1,0,1,116391936,20,0
85.1,soak,101,0x00800000,1,1,1,0,0,117440512,20,0
85.8,soak,102,0x02400000,1,1,1,0,0,118489088,20,0
86.5,soak,103,0x00400000,1,1,1,0,0,119537664,20,0
87.2,soak,104,0x02000000,1,1,1,0,0,120586240,20,0
87.9,soak,105,0x00000000,1,1,1,0,0,121634816,20,0
88.6,soak,106,0x01C00000,1,1,1,0,0,122683392,20,0
89.3,soak,107,0x03800000,1,1,1,0,0,123731968,20,0
90.0,soak,108,0x01800000,1,1,1,0,0,124780544,20,0
90.7,soak,109,0x03400000,1,1,1,0,0,125829120,20,0
91.4,concurrent,110,0x01400000,0,1,1,1,1,126877696,21,0
91.9,verify-A,110,0x01400000,0,1,1,0,1,127926272,22,0
92.6,soak,111,0x03000000,1,1,1,0,0,128974848,22,0
93.3,soak,112,0x01000000,1,1,1,0,0,130023424,22,0
94.0,soak,113,0x02C00000,1,1,1,0,0,131072000,22,0
94.7,soak,114,0x00C00000,1,1,1,0,0,132120576,22,0
95.5,soak,115,0x02800000,1,1,1,0,0,133169152,22,0
96.2,soak,116,0x00800000,1,1,1,0,0,134217728,22,0
96.9,soak,117,0x02400000,1,1,1,0,0,135266304,22,0
97.6,soak,118,0x00400000,1,1,1,0,0,136314880,22,0
98.3,soak,119,0x02000000,1,1,1,0,0,137363456,22,0
98.9,concurrent,120,0x00000000,0,1,1,1,1,138412032,23,0
99.5,verify-A,120,0x00000000,0,1,1,0,1,139460608,24,0
100.2,soak,121,0x01C00000,1,1,1,0,0,140509184,24,0
100.9,soak,122,0x03800000,1,1,1,0,0,141557760,24,0
101.6,soak,123,0x01800000,1,1,1,0,0,142606336,24,0
102.3,soak,124,0x03400000,1,1,1,0,0,143654912,24,0
103.0,soak,125,0x01400000,1,1,1,0,0,144703488,24,0
103.7,soak,126,0x03000000,1,1,1,0,0,145752064,24,0
104.4,soak,127,0x01000000,1,1,1,0,0,146800640,24,0
105.1,soak,128,0x02C00000,1,1,1,0,0,147849216,24,0
105.8,soak,129,0x00C00000,1,1,1,0,0,148897792,24,0
106.5,concurrent,130,0x02800000,0,1,1,4,1,149946368,25,0
107.0,verify-A,130,0x02800000,0,1,1,0,1,150994944,26,0
107.8,soak,131,0x00800000,1,1,1,0,0,152043520,26,0
108.5,soak,132,0x02400000,1,1,1,0,0,153092096,26,0
109.2,soak,133,0x00400000,1,1,1,0,0,154140672,26,0
109.9,soak,134,0x02000000,1,1,1,0,0,155189248,26,0
110.6,soak,135,0x00000000,1,1,1,0,0,156237824,26,0
111.3,soak,136,0x01C00000,1,1,1,0,0,157286400,26,0
112.0,soak,137,0x03800000,1,1,1,0,0,158334976,26,0
112.7,soak,138,0x01800000,1,1,1,0,0,159383552,26,0
113.4,soak,139,0x03400000,1,1,1,0,0,160432128,26,0
114.1,concurrent,140,0x01400000,0,1,1,5,1,161480704,27,0
114.6,verify-A,140,0x01400000,0,1,1,0,1,162529280,28,0
115.3,soak,141,0x03000000,1,1,1,0,0,163577856,28,0
116.0,soak,142,0x01000000,1,1,1,0,0,164626432,28,0
116.7,soak,143,0x02C00000,1,1,1,0,0,165675008,28,0
117.4,soak,144,0x00C00000,1,1,1,0,0,166723584,28,0
118.1,soak,145,0x02800000,1,1,1,0,0,167772160,28,0
118.9,soak,146,0x00800000,1,1,1,0,0,168820736,28,0
119.6,soak,147,0x02400000,1,1,1,0,0,169869312,28,0
120.3,soak,148,0x00400000,1,1,1,0,0,170917888,28,0
121.0,soak,149,0x02000000,1,1,1,0,0,171966464,28,0
121.6,concurrent,150,0x00000000,0,1,1,4,1,173015040,29,0
122.2,verify-A,150,0x00000000,0,1,1,0,1,174063616,30,0
122.9,soak,151,0x01C00000,1,1,1,0,0,175112192,30,0
123.6,soak,152,0x03800000,1,1,1,0,0,176160768,30,0
124.3,soak,153,0x01800000,1,1,1,0,0,177209344,30,0
125.0,soak,154,0x03400000,1,1,1,0,0,178257920,30,0
125.7,soak,155,0x01400000,1,1,1,0,0,179306496,30,0
126.4,soak,156,0x03000000,1,1,1,0,0,180355072,30,0
127.1,soak,157,0x01000000,1,1,1,0,0,181403648,30,0
127.8,soak,158,0x02C00000,1,1,1,0,0,182452224,30,0
128.5,soak,159,0x00C00000,1,1,1,0,0,183500800,30,0
129.2,concurrent,160,0x02800000,0,1,1,3,1,184549376,31,0
129.8,verify-A,160,0x02800000,0,1,1,0,1,185597952,32,0
130.5,soak,161,0x00800000,1,1,1,0,0,186646528,32,0
131.2,soak,162,0x02400000,1,1,1,0,0,187695104,32,0
131.9,soak,163,0x00400000,1,1,1,0,0,188743680,32,0
132.6,soak,164,0x02000000,1,1,1,0,0,189792256,32,0
133.3,soak,165,0x00000000,1,1,1,0,0,190840832,32,0
134.0,soak,166,0x01C00000,1,1,1,0,0,191889408,32,0
134.7,soak,167,0x03800000,1,1,1,0,0,192937984,32,0
135.4,soak,168,0x01800000,1,1,1,0,0,193986560,32,0
136.1,soak,169,0x03400000,1,1,1,0,0,195035136,32,0
136.8,concurrent,170,0x01400000,0,1,1,5,1,196083712,33,0
137.3,verify-A,170,0x01400000,0,1,1,0,1,197132288,34,0
138.0,soak,171,0x03000000,1,1,1,0,0,198180864,34,0
138.7,soak,172,0x01000000,1,1,1,0,0,199229440,34,0
139.4,soak,173,0x02C00000,1,1,1,0,0,200278016,34,0
140.1,soak,174,0x00C00000,1,1,1,0,0,201326592,34,0
140.9,soak,175,0x02800000,1,1,1,0,0,202375168,34,0
141.6,soak,176,0x00800000,1,1,1,0,0,203423744,34,0
142.3,soak,177,0x02400000,1,1,1,0,0,204472320,34,0
143.0,soak,178,0x00400000,1,1,1,0,0,205520896,34,0
143.7,soak,179,0x02000000,1,1,1,0,0,206569472,34,0
144.4,concurrent,180,0x00000000,0,1,1,3,1,207618048,35,0
144.9,verify-A,180,0x00000000,0,1,1,0,1,208666624,36,0
145.6,soak,181,0x01C00000,1,1,1,0,0,209715200,36,0
146.3,soak,182,0x03800000,1,1,1,0,0,210763776,36,0
147.0,soak,183,0x01800000,1,1,1,0,0,211812352,36,0
147.7,soak,184,0x03400000,1,1,1,0,0,212860928,36,0
148.4,soak,185,0x01400000,1,1,1,0,0,213909504,36,0
149.1,soak,186,0x03000000,1,1,1,0,0,214958080,36,0
149.9,soak,187,0x01000000,1,1,1,0,0,216006656,36,0
150.6,soak,188,0x02C00000,1,1,1,0,0,217055232,36,0
151.3,soak,189,0x00C00000,1,1,1,0,0,218103808,36,0
151.9,concurrent,190,0x02800000,0,1,1,1,1,219152384,37,0
152.5,verify-A,190,0x02800000,0,1,1,0,1,220200960,38,0
153.2,soak,191,0x00800000,1,1,1,0,0,221249536,38,0
153.9,soak,192,0x02400000,1,1,1,0,0,222298112,38,0
154.6,soak,193,0x00400000,1,1,1,0,0,223346688,38,0
155.3,soak,194,0x02000000,1,1,1,0,0,224395264,38,0
156.0,soak,195,0x00000000,1,1,1,0,0,225443840,38,0
156.7,soak,196,0x01C00000,1,1,1,0,0,226492416,38,0
157.4,soak,197,0x03800000,1,1,1,0,0,227540992,38,0
158.1,soak,198,0x01800000,1,1,1,0,0,228589568,38,0
158.8,soak,199,0x03400000,1,1,1,0,0,229638144,38,0
159.5,concurrent,200,0x01400000,1,1,1,0,0,230686720,38,0
160.1,verify-A,200,0x01400000,1,1,1,0,0,231735296,38,0
160.8,soak,201,0x03000000,1,1,1,0,0,232783872,38,0
161.5,soak,202,0x01000000,1,1,1,0,0,233832448,38,0
162.2,soak,203,0x02C00000,1,1,1,0,0,234881024,38,0
162.9,soak,204,0x00C00000,1,1,1,0,0,235929600,38,0
163.6,soak,205,0x02800000,1,1,1,0,0,236978176,38,0
164.3,soak,206,0x00800000,1,1,1,0,0,238026752,38,0
165.0,soak,207,0x02400000,1,1,1,0,0,239075328,38,0
165.7,soak,208,0x00400000,1,1,1,0,0,240123904,38,0
166.4,soak,209,0x02000000,1,1,1,0,0,241172480,38,0
167.1,concurrent,210,0x00000000,0,1,1,2,1,242221056,39,0
167.6,verify-A,210,0x00000000,0,1,1,0,1,243269632,40,0
168.3,soak,211,0x01C00000,1,1,1,0,0,244318208,40,0
169.0,soak,212,0x03800000,1,1,1,0,0,245366784,40,0
169.8,soak,213,0x01800000,1,1,1,0,0,246415360,40,0
170.5,soak,214,0x03400000,1,1,1,0,0,247463936,40,0
171.2,soak,215,0x01400000,1,1,1,0,0,248512512,40,0
171.9,soak,216,0x03000000,1,1,1,0,0,249561088,40,0
172.6,soak,217,0x01000000,1,1,1,0,0,250609664,40,0
173.3,soak,218,0x02C00000,1,1,1,0,0,251658240,40,0
174.0,soak,219,0x00C00000,1,1,1,0,0,252706816,40,0
174.7,concurrent,220,0x02800000,0,1,1,3,1,253755392,41,0
175.2,verify-A,220,0x02800000,0,1,1,0,1,254803968,42,0
175.9,soak,221,0x00800000,1,1,1,0,0,255852544,42,0
176.6,soak,222,0x02400000,1,1,1,0,0,256901120,42,0
177.3,soak,223,0x00400000,1,1,1,0,0,257949696,42,0
178.0,soak,224,0x02000000,1,1,1,0,0,258998272,42,0
178.7,soak,225,0x00000000,1,1,1,0,0,260046848,42,0
179.4,soak,226,0x01C00000,1,1,1,0,0,261095424,42,0
180.2,soak,227,0x03800000,1,1,1,0,0,262144000,42,0
180.9,soak,228,0x01800000,1,1,1,0,0,263192576,42,0
181.6,soak,229,0x03400000,1,1,1,0,0,264241152,42,0
182.2,concurrent,230,0x01400000,0,1,1,4,1,265289728,43,0
182.8,verify-A,230,0x01400000,0,1,1,0,1,266338304,44,0
183.5,soak,231,0x03000000,1,1,1,0,0,267386880,44,0
184.2,soak,232,0x01000000,1,1,1,0,0,268435456,44,0
184.9,soak,233,0x02C00000,1,1,1,0,0,269484032,44,0
185.6,soak,234,0x00C00000,1,1,1,0,0,270532608,44,0
186.3,soak,235,0x02800000,1,1,1,0,0,271581184,44,0
187.0,soak,236,0x00800000,1,1,1,0,0,272629760,44,0
187.7,soak,237,0x02400000,1,1,1,0,0,273678336,44,0
188.4,soak,238,0x00400000,1,1,1,0,0,274726912,44,0
189.1,soak,239,0x02000000,1,1,1,0,0,275775488,44,0
189.8,concurrent,240,0x00000000,0,1,1,6,1,276824064,45,0
190.3,verify-A,240,0x00000000,0,1,1,0,1,277872640,46,0
191.0,soak,241,0x01C00000,1,1,1,0,0,278921216,46,0
191.7,soak,242,0x03800000,1,1,1,0,0,279969792,46,0
192.4,soak,243,0x01800000,1,1,1,0,0,281018368,46,0
193.1,soak,244,0x03400000,1,1,1,0,0,282066944,46,0
193.8,soak,245,0x01400000,1,1,1,0,0,283115520,46,0
194.5,soak,246,0x03000000,1,1,1,0,0,284164096,46,0
195.2,soak,247,0x01000000,1,1,1,0,0,285212672,46,0
195.9,soak,248,0x02C00000,1,1,1,0,0,286261248,46,0
196.6,soak,249,0x00C00000,1,1,1,0,0,287309824,46,0
197.3,concurrent,250,0x02800000,0,1,1,9,1,288358400,47,0
197.8,verify-A,250,0x02800000,0,1,1,0,1,289406976,48,0
198.6,soak,251,0x00800000,1,1,1,0,0,290455552,48,0
199.3,soak,252,0x02400000,1,1,1,0,0,291504128,48,0
200.0,soak,253,0x00400000,1,1,1,0,0,292552704,48,0
200.7,soak,254,0x02000000,1,1,1,0,0,293601280,48,0
201.4,soak,255,0x00000000,1,1,1,0,0,294649856,48,0
202.1,soak,256,0x01C00000,1,1,1,0,0,295698432,48,0
202.8,soak,257,0x03800000,1,1,1,0,0,296747008,48,0
203.5,soak,258,0x01800000,1,1,1,0,0,297795584,48,0
204.2,soak,259,0x03400000,1,1,1,0,0,298844160,48,0
204.9,concurrent,260,0x01400000,0,1,1,6,1,299892736,49,0
205.4,verify-A,260,0x01400000,0,1,1,0,1,300941312,50,0
206.1,soak,261,0x03000000,1,1,1,0,0,301989888,50,0
206.8,soak,262,0x01000000,1,1,1,0,0,303038464,50,0
207.5,soak,263,0x02C00000,1,1,1,0,0,304087040,50,0
208.2,soak,264,0x00C00000,1,1,1,0,0,305135616,50,0
208.9,soak,265,0x02800000,1,1,1,0,0,306184192,50,0
209.6,soak,266,0x00800000,1,1,1,0,0,307232768,50,0
210.3,soak,267,0x02400000,1,1,1,0,0,308281344,50,0
211.0,soak,268,0x00400000,1,1,1,0,0,309329920,50,0
211.8,soak,269,0x02000000,1,1,1,0,0,310378496,50,0
212.4,concurrent,270,0x00000000,0,1,1,1,1,311427072,51,0
213.0,verify-A,270,0x00000000,0,1,1,0,1,312475648,52,0
213.7,soak,271,0x01C00000,1,1,1,0,0,313524224,52,0
214.4,soak,272,0x03800000,1,1,1,0,0,314572800,52,0
215.1,soak,273,0x01800000,1,1,1,0,0,315621376,52,0
215.8,soak,274,0x03400000,1,1,1,0,0,316669952,52,0
216.5,soak,275,0x01400000,1,1,1,0,0,317718528,52,0
217.2,soak,276,0x03000000,1,1,1,0,0,318767104,52,0
217.9,soak,277,0x01000000,1,1,1,0,0,319815680,52,0
218.6,soak,278,0x02C00000,1,1,1,0,0,320864256,52,0
219.3,soak,279,0x00C00000,1,1,1,0,0,321912832,52,0
220.0,concurrent,280,0x02800000,0,1,1,13,1,322961408,53,0
220.5,verify-A,280,0x02800000,0,1,1,0,1,324009984,54,0
221.2,soak,281,0x00800000,1,1,1,0,0,325058560,54,0
221.9,soak,282,0x02400000,1,1,1,0,0,326107136,54,0
222.7,soak,283,0x00400000,1,1,1,0,0,327155712,54,0
223.4,soak,284,0x02000000,1,1,1,0,0,328204288,54,0
224.1,soak,285,0x00000000,1,1,1,0,0,329252864,54,0
224.8,soak,286,0x01C00000,1,1,1,0,0,330301440,54,0
225.5,soak,287,0x03800000,1,1,1,0,0,331350016,54,0
226.2,soak,288,0x01800000,1,1,1,0,0,332398592,54,0
226.9,soak,289,0x03400000,1,1,1,0,0,333447168,54,0
227.6,concurrent,290,0x01400000,0,1,1,1,1,334495744,55,0
228.1,verify-A,290,0x01400000,0,1,1,0,1,335544320,56,0
228.8,soak,291,0x03000000,1,1,1,0,0,336592896,56,0
229.5,soak,292,0x01000000,1,1,1,0,0,337641472,56,0
230.2,soak,293,0x02C00000,1,1,1,0,0,338690048,56,0
231.0,soak,294,0x00C00000,1,1,1,0,0,339738624,56,0
231.7,soak,295,0x02800000,1,1,1,0,0,340787200,56,0
232.4,soak,296,0x00800000,1,1,1,0,0,341835776,56,0
233.1,soak,297,0x02400000,1,1,1,0,0,342884352,56,0
233.8,soak,298,0x00400000,1,1,1,0,0,343932928,56,0
234.5,soak,299,0x02000000,1,1,1,0,0,344981504,56,0
235.2,concurrent,300,0x00000000,0,1,1,6,1,346030080,57,0
235.7,verify-A,300,0x00000000,0,1,1,0,1,347078656,58,0
236.4,soak,301,0x01C00000,1,1,1,0,0,348127232,58,0
237.1,soak,302,0x03800000,1,1,1,0,0,349175808,58,0
237.8,soak,303,0x01800000,1,1,1,0,0,350224384,58,0
238.5,soak,304,0x03400000,1,1,1,0,0,351272960,58,0
239.2,soak,305,0x01400000,1,1,1,0,0,352321536,58,0
239.9,soak,306,0x03000000,1,1,1,0,0,353370112,58,0
240.6,soak,307,0x01000000,1,1,1,0,0,354418688,58,0
241.3,soak,308,0x02C00000,1,1,1,0,0,355467264,58,0
242.1,soak,309,0x00C00000,1,1,1,0,0,356515840,58,0
242.7,concurrent,310,0x02800000,0,1,1,1,1,357564416,59,0
243.3,verify-A,310,0x02800000,0,1,1,0,1,358612992,60,0
244.0,soak,311,0x00800000,1,1,1,0,0,359661568,60,0
244.7,soak,312,0x02400000,1,1,1,0,0,360710144,60,0
245.4,soak,313,0x00400000,1,1,1,0,0,361758720,60,0
246.1,soak,314,0x02000000,1,1,1,0,0,362807296,60,0
246.8,soak,315,0x00000000,1,1,1,0,0,363855872,60,0
247.5,soak,316,0x01C00000,1,1,1,0,0,364904448,60,0
248.2,soak,317,0x03800000,1,1,1,0,0,365953024,60,0
248.9,soak,318,0x01800000,1,1,1,0,0,367001600,60,0
249.6,soak,319,0x03400000,1,1,1,0,0,368050176,60,0
250.3,concurrent,320,0x01400000,0,1,1,5,1,369098752,61,0
250.9,verify-A,320,0x01400000,0,1,1,0,1,370147328,62,0
251.6,soak,321,0x03000000,1,1,1,0,0,371195904,62,0
252.3,soak,322,0x01000000,1,1,1,0,0,372244480,62,0
253.0,soak,323,0x02C00000,1,1,1,0,0,373293056,62,0
253.7,soak,324,0x00C00000,1,1,1,0,0,374341632,62,0
254.4,soak,325,0x02800000,1,1,1,0,0,375390208,62,0
255.1,soak,326,0x00800000,1,1,1,0,0,376438784,62,0
255.8,soak,327,0x02400000,1,1,1,0,0,377487360,62,0
256.5,soak,328,0x00400000,1,1,1,0,0,378535936,62,0
257.2,soak,329,0x02000000,1,1,1,0,0,379584512,62,0
257.9,concurrent,330,0x00000000,0,1,1,2,1,380633088,63,0
258.4,verify-A,330,0x00000000,0,1,1,0,1,381681664,64,0
259.1,soak,331,0x01C00000,1,1,1,0,0,382730240,64,0
259.8,soak,332,0x03800000,1,1,1,0,0,383778816,64,0
260.5,soak,333,0x01800000,1,1,1,0,0,384827392,64,0
261.3,soak,334,0x03400000,1,1,1,0,0,385875968,64,0
262.0,soak,335,0x01400000,1,1,1,0,0,386924544,64,0
262.7,soak,336,0x03000000,1,1,1,0,0,387973120,64,0
263.4,soak,337,0x01000000,1,1,1,0,0,389021696,64,0
264.1,soak,338,0x02C00000,1,1,1,0,0,390070272,64,0
264.8,soak,339,0x00C00000,1,1,1,0,0,391118848,64,0
265.5,concurrent,340,0x02800000,0,1,1,2,1,392167424,65,0
266.0,verify-A,340,0x02800000,0,1,1,0,1,393216000,66,0
266.7,soak,341,0x00800000,1,1,1,0,0,394264576,66,0
267.4,soak,342,0x02400000,1,1,1,0,0,395313152,66,0
268.2,soak,343,0x00400000,1,1,1,0,0,396361728,66,0
268.9,soak,344,0x02000000,1,1,1,0,0,397410304,66,0
269.6,soak,345,0x00000000,1,1,1,0,0,398458880,66,0
270.3,soak,346,0x01C00000,1,1,1,0,0,399507456,66,0
271.0,soak,347,0x03800000,1,1,1,0,0,400556032,66,0
271.7,soak,348,0x01800000,1,1,1,0,0,401604608,66,0
272.4,soak,349,0x03400000,1,1,1,0,0,402653184,66,0
273.1,concurrent,350,0x01400000,0,1,1,5,1,403701760,67,0
273.6,verify-A,350,0x01400000,0,1,1,0,1,404750336,68,0
274.3,soak,351,0x03000000,1,1,1,0,0,405798912,68,0
275.0,soak,352,0x01000000,1,1,1,0,0,406847488,68,0
275.7,soak,353,0x02C00000,1,1,1,0,0,407896064,68,0
276.4,soak,354,0x00C00000,1,1,1,0,0,408944640,68,0
277.1,soak,355,0x02800000,1,1,1,0,0,409993216,68,0
277.8,soak,356,0x00800000,1,1,1,0,0,411041792,68,0
278.5,soak,357,0x02400000,1,1,1,0,0,412090368,68,0
279.3,soak,358,0x00400000,1,1,1,0,0,413138944,68,0
280.0,soak,359,0x02000000,1,1,1,0,0,414187520,68,0
280.6,concurrent,360,0x00000000,0,1,1,2,1,415236096,69,0
281.2,verify-A,360,0x00000000,0,1,1,0,1,416284672,70,0
281.9,soak,361,0x01C00000,1,1,1,0,0,417333248,70,0
282.6,soak,362,0x03800000,1,1,1,0,0,418381824,70,0
283.3,soak,363,0x01800000,1,1,1,0,0,419430400,70,0
284.0,soak,364,0x03400000,1,1,1,0,0,420478976,70,0
284.7,soak,365,0x01400000,1,1,1,0,0,421527552,70,0
285.4,soak,366,0x03000000,1,1,1,0,0,422576128,70,0
286.1,soak,367,0x01000000,1,1,1,0,0,423624704,70,0
286.8,soak,368,0x02C00000,1,1,1,0,0,424673280,70,0
287.5,soak,369,0x00C00000,1,1,1,0,0,425721856,70,0
288.2,concurrent,370,0x02800000,0,1,1,12,1,426770432,71,0
288.7,verify-A,370,0x02800000,0,1,1,0,1,427819008,72,0
289.4,soak,371,0x00800000,1,1,1,0,0,428867584,72,0
290.1,soak,372,0x02400000,1,1,1,0,0,429916160,72,0
290.8,soak,373,0x00400000,1,1,1,0,0,430964736,72,0
291.5,soak,374,0x02000000,1,1,1,0,0,432013312,72,0
292.2,soak,375,0x00000000,1,1,1,0,0,433061888,72,0
292.9,soak,376,0x01C00000,1,1,1,0,0,434110464,72,0
293.7,soak,377,0x03800000,1,1,1,0,0,435159040,72,0
294.4,soak,378,0x01800000,1,1,1,0,0,436207616,72,0
295.1,soak,379,0x03400000,1,1,1,0,0,437256192,72,0
295.8,concurrent,380,0x01400000,0,1,1,2,1,438304768,73,0
296.3,verify-A,380,0x01400000,0,1,1,0,1,439353344,74,0
297.0,soak,381,0x03000000,1,1,1,0,0,440401920,74,0
297.7,soak,382,0x01000000,1,1,1,0,0,441450496,74,0
298.5,soak,383,0x02C00000,1,1,1,0,0,442499072,74,0
299.2,soak,384,0x00C00000,1,1,1,0,0,443547648,74,0
299.9,soak,385,0x02800000,1,1,1,0,0,444596224,74,0
300.6,soak,386,0x00800000,1,1,1,0,0,445644800,74,0
303.0,eye,386,0x00000000,1,1,1,0,0,445644800,74,0
303.7,soak,387,0x02400000,1,1,1,0,0,446693376,74,0
304.4,soak,388,0x00400000,1,1,1,0,0,447741952,74,0
305.1,soak,389,0x02000000,1,1,1,0,0,448790528,74,0
305.7,concurrent,390,0x00000000,0,1,1,6,1,449839104,75,0
306.3,verify-A,390,0x00000000,0,1,1,0,1,450887680,76,0
307.0,soak,391,0x01C00000,1,1,1,0,0,451936256,76,0
307.7,soak,392,0x03800000,1,1,1,0,0,452984832,76,0
308.4,soak,393,0x01800000,1,1,1,0,0,454033408,76,0
309.1,soak,394,0x03400000,1,1,1,0,0,455081984,76,0
309.8,soak,395,0x01400000,1,1,1,0,0,456130560,76,0
310.5,soak,396,0x03000000,1,1,1,0,0,457179136,76,0
311.2,soak,397,0x01000000,1,1,1,0,0,458227712,76,0
311.9,soak,398,0x02C00000,1,1,1,0,0,459276288,76,0
312.6,soak,399,0x00C00000,1,1,1,0,0,460324864,76,0
313.3,concurrent,400,0x02800000,0,1,1,2,1,461373440,77,0
313.9,verify-A,400,0x02800000,0,1,1,0,1,462422016,78,0
314.6,soak,401,0x00800000,1,1,1,0,0,463470592,78,0
315.3,soak,402,0x02400000,1,1,1,0,0,464519168,78,0
316.0,soak,403,0x00400000,1,1,1,0,0,465567744,78,0
316.7,soak,404,0x02000000,1,1,1,0,0,466616320,78,0
317.4,soak,405,0x00000000,1,1,1,0,0,467664896,78,0
318.1,soak,406,0x01C00000,1,1,1,0,0,468713472,78,0
318.8,soak,407,0x03800000,1,1,1,0,0,469762048,78,0
319.5,soak,408,0x01800000,1,1,1,0,0,470810624,78,0
320.2,soak,409,0x03400000,1,1,1,0,0,471859200,78,0
320.9,concurrent,410,0x01400000,0,1,1,2,1,472907776,79,0
321.4,verify-A,410,0x01400000,0,1,1,0,1,473956352,80,0
322.1,soak,411,0x03000000,1,1,1,0,0,475004928,80,0
322.8,soak,412,0x01000000,1,1,1,0,0,476053504,80,0
323.6,soak,413,0x02C00000,1,1,1,0,0,477102080,80,0
324.3,soak,414,0x00C00000,1,1,1,0,0,478150656,80,0
325.0,soak,415,0x02800000,1,1,1,0,0,479199232,80,0
325.7,soak,416,0x00800000,1,1,1,0,0,480247808,80,0
326.4,soak,417,0x02400000,1,1,1,0,0,481296384,80,0
327.1,soak,418,0x00400000,1,1,1,0,0,482344960,80,0
327.8,soak,419,0x02000000,1,1,1,0,0,483393536,80,0
328.5,concurrent,420,0x00000000,0,1,1,11,1,484442112,81,0
329.0,verify-A,420,0x00000000,0,1,1,0,1,485490688,82,0
329.7,soak,421,0x01C00000,1,1,1,0,0,486539264,82,0
330.5,soak,422,0x03800000,1,1,1,0,0,487587840,82,0
331.2,soak,423,0x01800000,1,1,1,0,0,488636416,82,0
331.9,soak,424,0x03400000,1,1,1,0,0,489684992,82,0
332.6,soak,425,0x01400000,1,1,1,0,0,490733568,82,0
333.3,soak,426,0x03000000,1,1,1,0,0,491782144,82,0
334.0,soak,427,0x01000000,1,1,1,0,0,492830720,82,0
334.7,soak,428,0x02C00000,1,1,1,0,0,493879296,82,0
335.4,soak,429,0x00C00000,1,1,1,0,0,494927872,82,0
336.1,concurrent,430,0x02800000,0,1,1,2,1,495976448,83,0
336.6,verify-A,430,0x02800000,0,1,1,0,1,497025024,84,0
337.3,soak,431,0x00800000,1,1,1,0,0,498073600,84,0
338.0,soak,432,0x02400000,1,1,1,0,0,499122176,84,0
338.8,soak,433,0x00400000,1,1,1,0,0,500170752,84,0
339.5,soak,434,0x02000000,1,1,1,0,0,501219328,84,0
340.2,soak,435,0x00000000,1,1,1,0,0,502267904,84,0
340.9,soak,436,0x01C00000,1,1,1,0,0,503316480,84,0
341.6,soak,437,0x03800000,1,1,1,0,0,504365056,84,0
342.3,soak,438,0x01800000,1,1,1,0,0,505413632,84,0
343.0,soak,439,0x03400000,1,1,1,0,0,506462208,84,0
343.7,concurrent,440,0x01400000,0,1,1,11,1,507510784,85,0
344.3,verify-A,440,0x01400000,0,1,1,0,1,508559360,86,0
345.0,soak,441,0x03000000,1,1,1,0,0,509607936,86,0
345.7,soak,442,0x01000000,1,1,1,0,0,510656512,86,0
346.4,soak,443,0x02C00000,1,1,1,0,0,511705088,86,0
347.1,soak,444,0x00C00000,1,1,1,0,0,512753664,86,0
347.8,soak,445,0x02800000,1,1,1,0,0,513802240,86,0
348.5,soak,446,0x00800000,1,1,1,0,0,514850816,86,0
349.2,soak,447,0x02400000,1,1,1,0,0,515899392,86,0
349.9,soak,448,0x00400000,1,1,1,0,0,516947968,86,0
350.6,soak,449,0x02000000,1,1,1,0,0,517996544,86,0
351.3,concurrent,450,0x00000000,0,1,1,1,1,519045120,87,0
351.8,verify-A,450,0x00000000,0,1,1,0,1,520093696,88,0
352.5,soak,451,0x01C00000,1,1,1,0,0,521142272,88,0
353.2,soak,452,0x03800000,1,1,1,0,0,522190848,88,0
354.0,soak,453,0x01800000,1,1,1,0,0,523239424,88,0
354.7,soak,454,0x03400000,1,1,1,0,0,524288000,88,0
355.4,soak,455,0x01400000,1,1,1,0,0,525336576,88,0
356.1,soak,456,0x03000000,1,1,1,0,0,526385152,88,0
356.8,soak,457,0x01000000,1,1,1,0,0,527433728,88,0
357.5,soak,458,0x02C00000,1,1,1,0,0,528482304,88,0
358.3,soak,459,0x00C00000,1,1,1,0,0,529530880,88,0
358.9,concurrent,460,0x02800000,0,1,1,5,1,530579456,89,0
359.5,verify-A,460,0x02800000,0,1,1,0,1,531628032,90,0
360.2,soak,461,0x00800000,1,1,1,0,0,532676608,90,0
360.9,soak,462,0x02400000,1,1,1,0,0,533725184,90,0
361.6,soak,463,0x00400000,1,1,1,0,0,534773760,90,0
362.3,soak,464,0x02000000,1,1,1,0,0,535822336,90,0
363.0,soak,465,0x00000000,1,1,1,0,0,536870912,90,0
363.7,soak,466,0x01C00000,1,1,1,0,0,537919488,90,0
364.4,soak,467,0x03800000,1,1,1,0,0,538968064,90,0
365.1,soak,468,0x01800000,1,1,1,0,0,540016640,90,0
365.8,soak,469,0x03400000,1,1,1,0,0,541065216,90,0
366.5,concurrent,470,0x01400000,0,1,1,5,1,542113792,91,0
367.1,verify-A,470,0x01400000,0,1,1,0,1,543162368,92,0
367.8,soak,471,0x03000000,1,1,1,0,0,544210944,92,0
368.5,soak,472,0x01000000,1,1,1,0,0,545259520,92,0
369.2,soak,473,0x02C00000,1,1,1,0,0,546308096,92,0
369.9,soak,474,0x00C00000,1,1,1,0,0,547356672,92,0
370.6,soak,475,0x02800000,1,1,1,0,0,548405248,92,0
371.3,soak,476,0x00800000,1,1,1,0,0,549453824,92,0
372.0,soak,477,0x02400000,1,1,1,0,0,550502400,92,0
372.7,soak,478,0x00400000,1,1,1,0,0,551550976,92,0
373.4,soak,479,0x02000000,1,1,1,0,0,552599552,92,0
374.1,concurrent,480,0x00000000,0,1,1,2,1,553648128,93,0
374.7,verify-A,480,0x00000000,0,1,1,0,1,554696704,94,0
375.4,soak,481,0x01C00000,1,1,1,0,0,555745280,94,0
376.1,soak,482,0x03800000,1,1,1,0,0,556793856,94,0
376.8,soak,483,0x01800000,1,1,1,0,0,557842432,94,0
377.5,soak,484,0x03400000,1,1,1,0,0,558891008,94,0
378.2,soak,485,0x01400000,1,1,1,0,0,559939584,94,0
378.9,soak,486,0x03000000,1,1,1,0,0,560988160,94,0
379.6,soak,487,0x01000000,1,1,1,0,0,562036736,94,0
380.3,soak,488,0x02C00000,1,1,1,0,0,563085312,94,0
381.0,soak,489,0x00C00000,1,1,1,0,0,564133888,94,0
381.7,concurrent,490,0x02800000,0,1,1,1,1,565182464,95,0
382.2,verify-A,490,0x02800000,0,1,1,0,1,566231040,96,0
382.9,soak,491,0x00800000,1,1,1,0,0,567279616,96,0
383.7,soak,492,0x02400000,1,1,1,0,0,568328192,96,0
384.4,soak,493,0x00400000,1,1,1,0,0,569376768,96,0
385.1,soak,494,0x02000000,1,1,1,0,0,570425344,96,0
385.8,soak,495,0x00000000,1,1,1,0,0,571473920,96,0
386.5,soak,496,0x01C00000,1,1,1,0,0,572522496,96,0
387.2,soak,497,0x03800000,1,1,1,0,0,573571072,96,0
387.9,soak,498,0x01800000,1,1,1,0,0,574619648,96,0
388.6,soak,499,0x03400000,1,1,1,0,0,575668224,96,0
389.3,concurrent,500,0x01400000,0,1,1,12,1,576716800,97,0
389.9,verify-A,500,0x01400000,0,1,1,0,1,577765376,98,0
390.6,soak,501,0x03000000,1,1,1,0,0,578813952,98,0
391.3,soak,502,0x01000000,1,1,1,0,0,579862528,98,0
392.0,soak,503,0x02C00000,1,1,1,0,0,580911104,98,0
392.7,soak,504,0x00C00000,1,1,1,0,0,581959680,98,0
393.4,soak,505,0x02800000,1,1,1,0,0,583008256,98,0
394.1,soak,506,0x00800000,1,1,1,0,0,584056832,98,0
394.8,soak,507,0x02400000,1,1,1,0,0,585105408,98,0
395.5,soak,508,0x00400000,1,1,1,0,0,586153984,98,0
396.2,soak,509,0x02000000,1,1,1,0,0,587202560,98,0
396.9,concurrent,510,0x00000000,0,1,1,1,1,588251136,99,0
397.4,verify-A,510,0x00000000,0,1,1,0,1,589299712,100,0
398.1,soak,511,0x01C00000,1,1,1,0,0,590348288,100,0
398.8,soak,512,0x03800000,1,1,1,0,0,591396864,100,0
399.5,soak,513,0x01800000,1,1,1,0,0,592445440,100,0
400.2,soak,514,0x03400000,1,1,1,0,0,593494016,100,0
400.9,soak,515,0x01400000,1,1,1,0,0,594542592,100,0
401.6,soak,516,0x03000000,1,1,1,0,0,595591168,100,0
402.4,soak,517,0x01000000,1,1,1,0,0,596639744,100,0
403.1,soak,518,0x02C00000,1,1,1,0,0,597688320,100,0
403.8,soak,519,0x00C00000,1,1,1,0,0,598736896,100,0
404.4,concurrent,520,0x02800000,0,1,1,3,1,599785472,101,0
405.0,verify-A,520,0x02800000,0,1,1,0,1,600834048,102,0
405.7,soak,521,0x00800000,1,1,1,0,0,601882624,102,0
406.4,soak,522,0x02400000,1,1,1,0,0,602931200,102,0
407.1,soak,523,0x00400000,1,1,1,0,0,603979776,102,0
407.8,soak,524,0x02000000,1,1,1,0,0,605028352,102,0
408.5,soak,525,0x00000000,1,1,1,0,0,606076928,102,0
409.2,soak,526,0x01C00000,1,1,1,0,0,607125504,102,0
409.9,soak,527,0x03800000,1,1,1,0,0,608174080,102,0
410.6,soak,528,0x01800000,1,1,1,0,0,609222656,102,0
411.3,soak,529,0x03400000,1,1,1,0,0,610271232,102,0
412.0,concurrent,530,0x01400000,0,1,1,3,1,611319808,103,0
412.6,verify-A,530,0x01400000,0,1,1,0,1,612368384,104,0
413.3,soak,531,0x03000000,1,1,1,0,0,613416960,104,0
414.0,soak,532,0x01000000,1,1,1,0,0,614465536,104,0
414.7,soak,533,0x02C00000,1,1,1,0,0,615514112,104,0
415.4,soak,534,0x00C00000,1,1,1,0,0,616562688,104,0
416.1,soak,535,0x02800000,1,1,1,0,0,617611264,104,0
416.8,soak,536,0x00800000,1,1,1,0,0,618659840,104,0
417.5,soak,537,0x02400000,1,1,1,0,0,619708416,104,0
418.2,soak,538,0x00400000,1,1,1,0,0,620756992,104,0
418.9,soak,539,0x02000000,1,1,1,0,0,621805568,104,0
419.6,concurrent,540,0x00000000,0,1,1,15,1,622854144,105,0
420.1,verify-A,540,0x00000000,0,1,1,0,1,623902720,106,0
420.8,soak,541,0x01C00000,1,1,1,0,0,624951296,106,0
421.6,soak,542,0x03800000,1,1,1,0,0,625999872,106,0
422.3,soak,543,0x01800000,1,1,1,0,0,627048448,106,0
423.0,soak,544,0x03400000,1,1,1,0,0,628097024,106,0
423.7,soak,545,0x01400000,1,1,1,0,0,629145600,106,0
424.4,soak,546,0x03000000,1,1,1,0,0,630194176,106,0
425.1,soak,547,0x01000000,1,1,1,0,0,631242752,106,0
425.8,soak,548,0x02C00000,1,1,1,0,0,632291328,106,0
426.5,soak,549,0x00C00000,1,1,1,0,0,633339904,106,0
427.2,concurrent,550,0x02800000,0,1,1,2,1,634388480,107,0
427.7,verify-A,550,0x02800000,0,1,1,0,1,635437056,108,0
428.4,soak,551,0x00800000,1,1,1,0,0,636485632,108,0
429.1,soak,552,0x02400000,1,1,1,0,0,637534208,108,0
429.8,soak,553,0x00400000,1,1,1,0,0,638582784,108,0
430.5,soak,554,0x02000000,1,1,1,0,0,639631360,108,0
431.2,soak,555,0x00000000,1,1,1,0,0,640679936,108,0
432.0,soak,556,0x01C00000,1,1,1,0,0,641728512,108,0
432.7,soak,557,0x03800000,1,1,1,0,0,642777088,108,0
433.4,soak,558,0x01800000,1,1,1,0,0,643825664,108,0
434.1,soak,559,0x03400000,1,1,1,0,0,644874240,108,0
434.8,concurrent,560,0x01400000,0,1,1,3,1,645922816,109,0
435.3,verify-A,560,0x01400000,0,1,1,0,1,646971392,110,0
436.0,soak,561,0x03000000,1,1,1,0,0,648019968,110,0
436.7,soak,562,0x01000000,1,1,1,0,0,649068544,110,0
437.4,soak,563,0x02C00000,1,1,1,0,0,650117120,110,0
438.1,soak,564,0x00C00000,1,1,1,0,0,651165696,110,0
438.8,soak,565,0x02800000,1,1,1,0,0,652214272,110,0
439.6,soak,566,0x00800000,1,1,1,0,0,653262848,110,0
440.3,soak,567,0x02400000,1,1,1,0,0,654311424,110,0
441.0,soak,568,0x00400000,1,1,1,0,0,655360000,110,0
441.7,soak,569,0x02000000,1,1,1,0,0,656408576,110,0
442.4,concurrent,570,0x00000000,0,1,1,5,1,657457152,111,0
442.9,verify-A,570,0x00000000,0,1,1,0,1,658505728,112,0
443.6,soak,571,0x01C00000,1,1,1,0,0,659554304,112,0
444.3,soak,572,0x03800000,1,1,1,0,0,660602880,112,0
445.0,soak,573,0x01800000,1,1,1,0,0,661651456,112,0
445.7,soak,574,0x03400000,1,1,1,0,0,662700032,112,0
446.4,soak,575,0x01400000,1,1,1,0,0,663748608,112,0
447.2,soak,576,0x03000000,1,1,1,0,0,664797184,112,0
447.9,soak,577,0x01000000,1,1,1,0,0,665845760,112,0
448.6,soak,578,0x02C00000,1,1,1,0,0,666894336,112,0
449.3,soak,579,0x00C00000,1,1,1,0,0,667942912,112,0
450.0,concurrent,580,0x02800000,0,1,1,1,1,668991488,113,0
450.5,verify-A,580,0x02800000,0,1,1,0,1,670040064,114,0
451.2,soak,581,0x00800000,1,1,1,0,0,671088640,114,0
451.9,soak,582,0x02400000,1,1,1,0,0,672137216,114,0
452.6,soak,583,0x00400000,1,1,1,0,0,673185792,114,0
453.3,soak,584,0x02000000,1,1,1,0,0,674234368,114,0
454.0,soak,585,0x00000000,1,1,1,0,0,675282944,114,0
454.8,soak,586,0x01C00000,1,1,1,0,0,676331520,114,0
455.5,soak,587,0x03800000,1,1,1,0,0,677380096,114,0
456.2,soak,588,0x01800000,1,1,1,0,0,678428672,114,0
456.9,soak,589,0x03400000,1,1,1,0,0,679477248,114,0
457.5,concurrent,590,0x01400000,0,1,1,8,1,680525824,115,0
458.1,verify-A,590,0x01400000,0,1,1,0,1,681574400,116,0
458.8,soak,591,0x03000000,1,1,1,0,0,682622976,116,0
459.5,soak,592,0x01000000,1,1,1,0,0,683671552,116,0
460.2,soak,593,0x02C00000,1,1,1,0,0,684720128,116,0
460.9,soak,594,0x00C00000,1,1,1,0,0,685768704,116,0
461.6,soak,595,0x02800000,1,1,1,0,0,686817280,116,0
462.3,soak,596,0x00800000,1,1,1,0,0,687865856,116,0
463.0,soak,597,0x02400000,1,1,1,0,0,688914432,116,0
463.7,soak,598,0x00400000,1,1,1,0,0,689963008,116,0
464.4,soak,599,0x02000000,1,1,1,0,0,691011584,116,0
465.1,concurrent,600,0x00000000,0,1,1,8,1,692060160,117,0
465.7,verify-A,600,0x00000000,0,1,1,0,1,693108736,118,0
466.4,soak,601,0x01C00000,1,1,1,0,0,694157312,118,0
467.1,soak,602,0x03800000,1,1,1,0,0,695205888,118,0
467.8,soak,603,0x01800000,1,1,1,0,0,696254464,118,0
468.5,soak,604,0x03400000,1,1,1,0,0,697303040,118,0
469.2,soak,605,0x01400000,1,1,1,0,0,698351616,118,0
469.9,soak,606,0x03000000,1,1,1,0,0,699400192,118,0
470.6,soak,607,0x01000000,1,1,1,0,0,700448768,118,0
471.3,soak,608,0x02C00000,1,1,1,0,0,701497344,118,0
472.0,soak,609,0x00C00000,1,1,1,0,0,702545920,118,0
472.7,concurrent,610,0x02800000,0,1,1,4,1,703594496,119,0
473.2,verify-A,610,0x02800000,0,1,1,0,1,704643072,120,0
473.9,soak,611,0x00800000,1,1,1,0,0,705691648,120,0
474.6,soak,612,0x02400000,1,1,1,0,0,706740224,120,0
475.3,soak,613,0x00400000,1,1,1,0,0,707788800,120,0
476.0,soak,614,0x02000000,1,1,1,0,0,708837376,120,0
476.8,soak,615,0x00000000,1,1,1,0,0,709885952,120,0
477.5,soak,616,0x01C00000,1,1,1,0,0,710934528,120,0
478.2,soak,617,0x03800000,1,1,1,0,0,711983104,120,0
478.9,soak,618,0x01800000,1,1,1,0,0,713031680,120,0
479.6,soak,619,0x03400000,1,1,1,0,0,714080256,120,0
480.3,concurrent,620,0x01400000,0,1,1,2,1,715128832,121,0
480.8,verify-A,620,0x01400000,0,1,1,0,1,716177408,122,0
481.5,soak,621,0x03000000,1,1,1,0,0,717225984,122,0
482.2,soak,622,0x01000000,1,1,1,0,0,718274560,122,0
482.9,soak,623,0x02C00000,1,1,1,0,0,719323136,122,0
483.6,soak,624,0x00C00000,1,1,1,0,0,720371712,122,0
484.4,soak,625,0x02800000,1,1,1,0,0,721420288,122,0
485.1,soak,626,0x00800000,1,1,1,0,0,722468864,122,0
485.8,soak,627,0x02400000,1,1,1,0,0,723517440,122,0
486.5,soak,628,0x00400000,1,1,1,0,0,724566016,122,0
487.2,soak,629,0x02000000,1,1,1,0,0,725614592,122,0
487.9,concurrent,630,0x00000000,0,1,1,6,1,726663168,123,0
488.4,verify-A,630,0x00000000,0,1,1,0,1,727711744,124,0
489.1,soak,631,0x01C00000,1,1,1,0,0,728760320,124,0
489.9,soak,632,0x03800000,1,1,1,0,0,729808896,124,0
490.6,soak,633,0x01800000,1,1,1,0,0,730857472,124,0
491.3,soak,634,0x03400000,1,1,1,0,0,731906048,124,0
492.0,soak,635,0x01400000,1,1,1,0,0,732954624,124,0
492.7,soak,636,0x03000000,1,1,1,0,0,734003200,124,0
493.4,soak,637,0x01000000,1,1,1,0,0,735051776,124,0
494.1,soak,638,0x02C00000,1,1,1,0,0,736100352,124,0
494.8,soak,639,0x00C00000,1,1,1,0,0,737148928,124,0
495.5,concurrent,640,0x02800000,0,1,1,1,1,738197504,125,0
496.0,verify-A,640,0x02800000,0,1,1,0,1,739246080,126,0
496.7,soak,641,0x00800000,1,1,1,0,0,740294656,126,0
497.4,soak,642,0x02400000,1,1,1,0,0,741343232,126,0
498.1,soak,643,0x00400000,1,1,1,0,0,742391808,126,0
498.8,soak,644,0x02000000,1,1,1,0,0,743440384,126,0
499.5,soak,645,0x00000000,1,1,1,0,0,744488960,126,0
500.2,soak,646,0x01C00000,1,1,1,0,0,745537536,126,0
500.9,soak,647,0x03800000,1,1,1,0,0,746586112,126,0
501.6,soak,648,0x01800000,1,1,1,0,0,747634688,126,0
502.3,soak,649,0x03400000,1,1,1,0,0,748683264,126,0
503.0,concurrent,650,0x01400000,0,1,1,13,1,749731840,127,0
503.5,verify-A,650,0x01400000,0,1,1,0,1,750780416,128,0
504.3,soak,651,0x03000000,1,1,1,0,0,751828992,128,0
505.0,soak,652,0x01000000,1,1,1,0,0,752877568,128,0
505.7,soak,653,0x02C00000,1,1,1,0,0,753926144,128,0
506.4,soak,654,0x00C00000,1,1,1,0,0,754974720,128,0
507.1,soak,655,0x02800000,1,1,1,0,0,756023296,128,0
507.9,soak,656,0x00800000,1,1,1,0,0,757071872,128,0
508.6,soak,657,0x02400000,1,1,1,0,0,758120448,128,0
509.3,soak,658,0x00400000,1,1,1,0,0,759169024,128,0
510.0,soak,659,0x02000000,1,1,1,0,0,760217600,128,0
510.7,concurrent,660,0x00000000,0,1,1,12,1,761266176,129,0
511.2,verify-A,660,0x00000000,0,1,1,0,1,762314752,130,0
511.9,soak,661,0x01C00000,1,1,1,0,0,763363328,130,0
512.6,soak,662,0x03800000,1,1,1,0,0,764411904,130,0
513.3,soak,663,0x01800000,1,1,1,0,0,765460480,130,0
514.0,soak,664,0x03400000,1,1,1,0,0,766509056,130,0
514.7,soak,665,0x01400000,1,1,1,0,0,767557632,130,0
515.4,soak,666,0x03000000,1,1,1,0,0,768606208,130,0
516.1,soak,667,0x01000000,1,1,1,0,0,769654784,130,0
516.8,soak,668,0x02C00000,1,1,1,0,0,770703360,130,0
517.5,soak,669,0x00C00000,1,1,1,0,0,771751936,130,0
518.2,concurrent,670,0x02800000,0,1,1,9,1,772800512,131,0
518.8,verify-A,670,0x02800000,0,1,1,0,1,773849088,132,0
519.5,soak,671,0x00800000,1,1,1,0,0,774897664,132,0
520.2,soak,672,0x02400000,1,1,1,0,0,775946240,132,0
520.9,soak,673,0x00400000,1,1,1,0,0,776994816,132,0
521.6,soak,674,0x02000000,1,1,1,0,0,778043392,132,0
522.3,soak,675,0x00000000,1,1,1,0,0,779091968,132,0
523.0,soak,676,0x01C00000,1,1,1,0,0,780140544,132,0
523.7,soak,677,0x03800000,1,1,1,0,0,781189120,132,0
524.4,soak,678,0x01800000,1,1,1,0,0,782237696,132,0
525.1,soak,679,0x03400000,1,1,1,0,0,783286272,132,0
525.8,concurrent,680,0x01400000,0,1,1,2,1,784334848,133,0
526.3,verify-A,680,0x01400000,0,1,1,0,1,785383424,134,0
527.0,soak,681,0x03000000,1,1,1,0,0,786432000,134,0
527.7,soak,682,0x01000000,1,1,1,0,0,787480576,134,0
528.4,soak,683,0x02C00000,1,1,1,0,0,788529152,134,0
529.1,soak,684,0x00C00000,1,1,1,0,0,789577728,134,0
529.9,soak,685,0x02800000,1,1,1,0,0,790626304,134,0
530.6,soak,686,0x00800000,1,1,1,0,0,791674880,134,0
531.3,soak,687,0x02400000,1,1,1,0,0,792723456,134,0
532.0,soak,688,0x00400000,1,1,1,0,0,793772032,134,0
532.7,soak,689,0x02000000,1,1,1,0,0,794820608,134,0
533.4,concurrent,690,0x00000000,0,1,1,1,1,795869184,135,0
533.9,verify-A,690,0x00000000,0,1,1,0,1,796917760,136,0
534.7,soak,691,0x01C00000,1,1,1,0,0,797966336,136,0
535.4,soak,692,0x03800000,1,1,1,0,0,799014912,136,0
536.1,soak,693,0x01800000,1,1,1,0,0,800063488,136,0
536.8,soak,694,0x03400000,1,1,1,0,0,801112064,136,0
537.5,soak,695,0x01400000,1,1,1,0,0,802160640,136,0
538.2,soak,696,0x03000000,1,1,1,0,0,803209216,136,0
538.9,soak,697,0x01000000,1,1,1,0,0,804257792,136,0
539.7,soak,698,0x02C00000,1,1,1,0,0,805306368,136,0
540.4,soak,699,0x00C00000,1,1,1,0,0,806354944,136,0
541.0,concurrent,700,0x02800000,0,1,1,5,1,807403520,137,0
541.6,verify-A,700,0x02800000,0,1,1,0,1,808452096,138,0
542.3,soak,701,0x00800000,1,1,1,0,0,809500672,138,0
543.0,soak,702,0x02400000,1,1,1,0,0,810549248,138,0
543.7,soak,703,0x00400000,1,1,1,0,0,811597824,138,0
544.4,soak,704,0x02000000,1,1,1,0,0,812646400,138,0
545.1,soak,705,0x00000000,1,1,1,0,0,813694976,138,0
545.8,soak,706,0x01C00000,1,1,1,0,0,814743552,138,0
546.5,soak,707,0x03800000,1,1,1,0,0,815792128,138,0
547.2,soak,708,0x01800000,1,1,1,0,0,816840704,138,0
547.9,soak,709,0x03400000,1,1,1,0,0,817889280,138,0
548.6,concurrent,710,0x01400000,0,1,1,5,1,818937856,139,0
549.2,verify-A,710,0x01400000,0,1,1,0,1,819986432,140,0
549.9,soak,711,0x03000000,1,1,1,0,0,821035008,140,0
550.6,soak,712,0x01000000,1,1,1,0,0,822083584,140,0
551.3,soak,713,0x02C00000,1,1,1,0,0,823132160,140,0
552.0,soak,714,0x00C00000,1,1,1,0,0,824180736,140,0
552.7,soak,715,0x02800000,1,1,1,0,0,825229312,140,0
553.4,soak,716,0x00800000,1,1,1,0,0,826277888,140,0
554.1,soak,717,0x02400000,1,1,1,0,0,827326464,140,0
554.8,soak,718,0x00400000,1,1,1,0,0,828375040,140,0
555.5,soak,719,0x02000000,1,1,1,0,0,829423616,140,0
556.2,concurrent,720,0x00000000,0,1,1,1,1,830472192,141,0
556.7,verify-A,720,0x00000000,0,1,1,0,1,831520768,142,0
557.4,soak,721,0x01C00000,1,1,1,0,0,832569344,142,0
558.1,soak,722,0x03800000,1,1,1,0,0,833617920,142,0
558.8,soak,723,0x01800000,1,1,1,0,0,834666496,142,0
559.5,soak,724,0x03400000,1,1,1,0,0,835715072,142,0
560.3,soak,725,0x01400000,1,1,1,0,0,836763648,142,0
561.0,soak,726,0x03000000,1,1,1,0,0,837812224,142,0
561.7,soak,727,0x01000000,1,1,1,0,0,838860800,142,0
562.4,soak,728,0x02C00000,1,1,1,0,0,839909376,142,0
563.1,soak,729,0x00C00000,1,1,1,0,0,840957952,142,0
563.7,concurrent,730,0x02800000,0,1,1,8,1,842006528,143,0
564.3,verify-A,730,0x02800000,0,1,1,0,1,843055104,144,0
565.0,soak,731,0x00800000,1,1,1,0,0,844103680,144,0
565.7,soak,732,0x02400000,1,1,1,0,0,845152256,144,0
566.4,soak,733,0x00400000,1,1,1,0,0,846200832,144,0
567.1,soak,734,0x02000000,1,1,1,0,0,847249408,144,0
567.8,soak,735,0x00000000,1,1,1,0,0,848297984,144,0
568.5,soak,736,0x01C00000,1,1,1,0,0,849346560,144,0
569.2,soak,737,0x03800000,1,1,1,0,0,850395136,144,0
570.0,soak,738,0x01800000,1,1,1,0,0,851443712,144,0
570.7,soak,739,0x03400000,1,1,1,0,0,852492288,144,0
571.4,concurrent,740,0x01400000,0,1,1,9,1,853540864,145,0
571.9,verify-A,740,0x01400000,0,1,1,0,1,854589440,146,0
572.6,soak,741,0x03000000,1,1,1,0,0,855638016,146,0
573.3,soak,742,0x01000000,1,1,1,0,0,856686592,146,0
574.0,soak,743,0x02C00000,1,1,1,0,0,857735168,146,0
574.7,soak,744,0x00C00000,1,1,1,0,0,858783744,146,0
575.4,soak,745,0x02800000,1,1,1,0,0,859832320,146,0
576.1,soak,746,0x00800000,1,1,1,0,0,860880896,146,0
576.8,soak,747,0x02400000,1,1,1,0,0,861929472,146,0
577.5,soak,748,0x00400000,1,1,1,0,0,862978048,146,0
578.2,soak,749,0x02000000,1,1,1,0,0,864026624,146,0
578.9,concurrent,750,0x00000000,0,1,1,1,1,865075200,147,0
579.5,verify-A,750,0x00000000,0,1,1,0,1,866123776,148,0
580.2,soak,751,0x01C00000,1,1,1,0,0,867172352,148,0
580.9,soak,752,0x03800000,1,1,1,0,0,868220928,148,0
581.6,soak,753,0x01800000,1,1,1,0,0,869269504,148,0
582.3,soak,754,0x03400000,1,1,1,0,0,870318080,148,0
583.0,soak,755,0x01400000,1,1,1,0,0,871366656,148,0
583.7,soak,756,0x03000000,1,1,1,0,0,872415232,148,0
584.4,soak,757,0x01000000,1,1,1,0,0,873463808,148,0
585.1,soak,758,0x02C00000,1,1,1,0,0,874512384,148,0
585.8,soak,759,0x00C00000,1,1,1,0,0,875560960,148,0
586.5,concurrent,760,0x02800000,0,1,1,14,1,876609536,149,0
587.0,verify-A,760,0x02800000,0,1,1,0,1,877658112,150,0
587.7,soak,761,0x00800000,1,1,1,0,0,878706688,150,0
588.4,soak,762,0x02400000,1,1,1,0,0,879755264,150,0
589.1,soak,763,0x00400000,1,1,1,0,0,880803840,150,0
589.9,soak,764,0x02000000,1,1,1,0,0,881852416,150,0
590.6,soak,765,0x00000000,1,1,1,0,0,882900992,150,0
591.3,soak,766,0x01C00000,1,1,1,0,0,883949568,150,0
592.0,soak,767,0x03800000,1,1,1,0,0,884998144,150,0
592.7,soak,768,0x01800000,1,1,1,0,0,886046720,150,0
593.4,soak,769,0x03400000,1,1,1,0,0,887095296,150,0
594.1,concurrent,770,0x01400000,0,1,1,2,1,888143872,151,0
594.6,verify-A,770,0x01400000,0,1,1,0,1,889192448,152,0
595.3,soak,771,0x03000000,1,1,1,0,0,890241024,152,0
596.0,soak,772,0x01000000,1,1,1,0,0,891289600,152,0
596.7,soak,773,0x02C00000,1,1,1,0,0,892338176,152,0
597.4,soak,774,0x00C00000,1,1,1,0,0,893386752,152,0
598.1,soak,775,0x02800000,1,1,1,0,0,894435328,152,0
598.9,soak,776,0x00800000,1,1,1,0,0,895483904,152,0
599.6,soak,777,0x02400000,1,1,1,0,0,896532480,152,0
600.3,soak,778,0x00400000,1,1,1,0,0,897581056,152,0
601.0,soak,779,0x02000000,1,1,1,0,0,898629632,152,0
603.4,eye,779,0x00000000,1,1,1,0,0,898629632,152,0
604.0,concurrent,780,0x00000000,0,1,1,3,1,899678208,153,0
604.6,verify-A,780,0x00000000,0,1,1,0,1,900726784,154,0
605.3,soak,781,0x01C00000,1,1,1,0,0,901775360,154,0
606.0,soak,782,0x03800000,1,1,1,0,0,902823936,154,0
606.7,soak,783,0x01800000,1,1,1,0,0,903872512,154,0
607.4,soak,784,0x03400000,1,1,1,0,0,904921088,154,0
608.1,soak,785,0x01400000,1,1,1,0,0,905969664,154,0
608.8,soak,786,0x03000000,1,1,1,0,0,907018240,154,0
609.5,soak,787,0x01000000,1,1,1,0,0,908066816,154,0
610.2,soak,788,0x02C00000,1,1,1,0,0,909115392,154,0
610.9,soak,789,0x00C00000,1,1,1,0,0,910163968,154,0
611.6,concurrent,790,0x02800000,0,1,1,3,1,911212544,155,0
612.1,verify-A,790,0x02800000,0,1,1,0,1,912261120,156,0
612.8,soak,791,0x00800000,1,1,1,0,0,913309696,156,0
613.5,soak,792,0x02400000,1,1,1,0,0,914358272,156,0
614.3,soak,793,0x00400000,1,1,1,0,0,915406848,156,0
615.0,soak,794,0x02000000,1,1,1,0,0,916455424,156,0
615.7,soak,795,0x00000000,1,1,1,0,0,917504000,156,0
616.4,soak,796,0x01C00000,1,1,1,0,0,918552576,156,0
617.1,soak,797,0x03800000,1,1,1,0,0,919601152,156,0
617.8,soak,798,0x01800000,1,1,1,0,0,920649728,156,0
618.5,soak,799,0x03400000,1,1,1,0,0,921698304,156,0
619.1,concurrent,800,0x01400000,0,1,1,5,1,922746880,157,0
619.7,verify-A,800,0x01400000,0,1,1,0,1,923795456,158,0
620.4,soak,801,0x03000000,1,1,1,0,0,924844032,158,0
621.1,soak,802,0x01000000,1,1,1,0,0,925892608,158,0
621.8,soak,803,0x02C00000,1,1,1,0,0,926941184,158,0
622.5,soak,804,0x00C00000,1,1,1,0,0,927989760,158,0
623.2,soak,805,0x02800000,1,1,1,0,0,929038336,158,0
623.9,soak,806,0x00800000,1,1,1,0,0,930086912,158,0
624.6,soak,807,0x02400000,1,1,1,0,0,931135488,158,0
625.3,soak,808,0x00400000,1,1,1,0,0,932184064,158,0
626.0,soak,809,0x02000000,1,1,1,0,0,933232640,158,0
626.7,concurrent,810,0x00000000,1,1,1,0,0,934281216,158,0
627.3,verify-A,810,0x00000000,1,1,1,0,0,935329792,158,0
628.0,soak,811,0x01C00000,1,1,1,0,0,936378368,158,0
628.7,soak,812,0x03800000,1,1,1,0,0,937426944,158,0
629.4,soak,813,0x01800000,1,1,1,0,0,938475520,158,0
630.1,soak,814,0x03400000,1,1,1,0,0,939524096,158,0
630.8,soak,815,0x01400000,1,1,1,0,0,940572672,158,0
631.5,soak,816,0x03000000,1,1,1,0,0,941621248,158,0
632.2,soak,817,0x01000000,1,1,1,0,0,942669824,158,0
632.9,soak,818,0x02C00000,1,1,1,0,0,943718400,158,0
633.6,soak,819,0x00C00000,1,1,1,0,0,944766976,158,0
634.3,concurrent,820,0x02800000,0,1,1,3,1,945815552,159,0
634.9,verify-A,820,0x02800000,0,1,1,0,1,946864128,160,0
635.6,soak,821,0x00800000,1,1,1,0,0,947912704,160,0
636.3,soak,822,0x02400000,1,1,1,0,0,948961280,160,0
637.0,soak,823,0x00400000,1,1,1,0,0,950009856,160,0
637.7,soak,824,0x02000000,1,1,1,0,0,951058432,160,0
638.4,soak,825,0x00000000,1,1,1,0,0,952107008,160,0
639.1,soak,826,0x01C00000,1,1,1,0,0,953155584,160,0
639.8,soak,827,0x03800000,1,1,1,0,0,954204160,160,0
640.5,soak,828,0x01800000,1,1,1,0,0,955252736,160,0
641.2,soak,829,0x03400000,1,1,1,0,0,956301312,160,0
641.9,concurrent,830,0x01400000,0,1,1,4,1,957349888,161,0
642.4,verify-A,830,0x01400000,0,1,1,0,1,958398464,162,0
643.1,soak,831,0x03000000,1,1,1,0,0,959447040,162,0
643.8,soak,832,0x01000000,1,1,1,0,0,960495616,162,0
644.5,soak,833,0x02C00000,1,1,1,0,0,961544192,162,0
645.2,soak,834,0x00C00000,1,1,1,0,0,962592768,162,0
645.9,soak,835,0x02800000,1,1,1,0,0,963641344,162,0
646.6,soak,836,0x00800000,1,1,1,0,0,964689920,162,0
647.4,soak,837,0x02400000,1,1,1,0,0,965738496,162,0
648.1,soak,838,0x00400000,1,1,1,0,0,966787072,162,0
648.8,soak,839,0x02000000,1,1,1,0,0,967835648,162,0
649.4,concurrent,840,0x00000000,0,1,1,5,1,968884224,163,0
650.0,verify-A,840,0x00000000,0,1,1,0,1,969932800,164,0
650.7,soak,841,0x01C00000,1,1,1,0,0,970981376,164,0
651.4,soak,842,0x03800000,1,1,1,0,0,972029952,164,0
652.1,soak,843,0x01800000,1,1,1,0,0,973078528,164,0
652.8,soak,844,0x03400000,1,1,1,0,0,974127104,164,0
653.5,soak,845,0x01400000,1,1,1,0,0,975175680,164,0
654.2,soak,846,0x03000000,1,1,1,0,0,976224256,164,0
654.9,soak,847,0x01000000,1,1,1,0,0,977272832,164,0
655.6,soak,848,0x02C00000,1,1,1,0,0,978321408,164,0
656.3,soak,849,0x00C00000,1,1,1,0,0,979369984,164,0
657.0,concurrent,850,0x02800000,0,1,1,6,1,980418560,165,0
657.6,verify-A,850,0x02800000,0,1,1,0,1,981467136,166,0
658.3,soak,851,0x00800000,1,1,1,0,0,982515712,166,0
659.0,soak,852,0x02400000,1,1,1,0,0,983564288,166,0
659.7,soak,853,0x00400000,1,1,1,0,0,984612864,166,0
660.4,soak,854,0x02000000,1,1,1,0,0,985661440,166,0
661.1,soak,855,0x00000000,1,1,1,0,0,986710016,166,0
661.8,soak,856,0x01C00000,1,1,1,0,0,987758592,166,0
662.5,soak,857,0x03800000,1,1,1,0,0,988807168,166,0
663.2,soak,858,0x01800000,1,1,1,0,0,989855744,166,0
663.9,soak,859,0x03400000,1,1,1,0,0,990904320,166,0
664.6,concurrent,860,0x01400000,0,1,1,12,1,991952896,167,0
665.2,verify-A,860,0x01400000,0,1,1,0,1,993001472,168,0
665.9,soak,861,0x03000000,1,1,1,0,0,994050048,168,0
666.6,soak,862,0x01000000,1,1,1,0,0,995098624,168,0
667.3,soak,863,0x02C00000,1,1,1,0,0,996147200,168,0
668.0,soak,864,0x00C00000,1,1,1,0,0,997195776,168,0
668.7,soak,865,0x02800000,1,1,1,0,0,998244352,168,0
669.4,soak,866,0x00800000,1,1,1,0,0,999292928,168,0
670.1,soak,867,0x02400000,1,1,1,0,0,1000341504,168,0
670.8,soak,868,0x00400000,1,1,1,0,0,1001390080,168,0
671.5,soak,869,0x02000000,1,1,1,0,0,1002438656,168,0
672.2,concurrent,870,0x00000000,0,1,1,1,1,1003487232,169,0
672.7,verify-A,870,0x00000000,0,1,1,0,1,1004535808,170,0
673.4,soak,871,0x01C00000,1,1,1,0,0,1005584384,170,0
674.1,soak,872,0x03800000,1,1,1,0,0,1006632960,170,0
674.8,soak,873,0x01800000,1,1,1,0,0,1007681536,170,0
675.5,soak,874,0x03400000,1,1,1,0,0,1008730112,170,0
676.2,soak,875,0x01400000,1,1,1,0,0,1009778688,170,0
677.0,soak,876,0x03000000,1,1,1,0,0,1010827264,170,0
677.7,soak,877,0x01000000,1,1,1,0,0,1011875840,170,0
678.4,soak,878,0x02C00000,1,1,1,0,0,1012924416,170,0
679.1,soak,879,0x00C00000,1,1,1,0,0,1013972992,170,0
679.8,concurrent,880,0x02800000,0,1,1,2,1,1015021568,171,0
680.3,verify-A,880,0x02800000,0,1,1,0,1,1016070144,172,0
681.0,soak,881,0x00800000,1,1,1,0,0,1017118720,172,0
681.7,soak,882,0x02400000,1,1,1,0,0,1018167296,172,0
682.4,soak,883,0x00400000,1,1,1,0,0,1019215872,172,0
683.1,soak,884,0x02000000,1,1,1,0,0,1020264448,172,0
683.8,soak,885,0x00000000,1,1,1,0,0,1021313024,172,0
684.6,soak,886,0x01C00000,1,1,1,0,0,1022361600,172,0
685.3,soak,887,0x03800000,1,1,1,0,0,1023410176,172,0
686.0,soak,888,0x01800000,1,1,1,0,0,1024458752,172,0
686.7,soak,889,0x03400000,1,1,1,0,0,1025507328,172,0
687.4,concurrent,890,0x01400000,0,1,1,6,1,1026555904,173,0
687.9,verify-A,890,0x01400000,0,1,1,0,1,1027604480,174,0
688.6,soak,891,0x03000000,1,1,1,0,0,1028653056,174,0
689.3,soak,892,0x01000000,1,1,1,0,0,1029701632,174,0
690.1,soak,893,0x02C00000,1,1,1,0,0,1030750208,174,0
690.8,soak,894,0x00C00000,1,1,1,0,0,1031798784,174,0
691.5,soak,895,0x02800000,1,1,1,0,0,1032847360,174,0
692.2,soak,896,0x00800000,1,1,1,0,0,1033895936,174,0
692.9,soak,897,0x02400000,1,1,1,0,0,1034944512,174,0
693.6,soak,898,0x00400000,1,1,1,0,0,1035993088,174,0
694.3,soak,899,0x02000000,1,1,1,0,0,1037041664,174,0
695.0,concurrent,900,0x00000000,0,1,1,8,1,1038090240,175,0
695.5,verify-A,900,0x00000000,0,1,1,0,1,1039138816,176,0
696.2,soak,901,0x01C00000,1,1,1,0,0,1040187392,176,0
696.9,soak,902,0x03800000,1,1,1,0,0,1041235968,176,0
697.6,soak,903,0x01800000,1,1,1,0,0,1042284544,176,0
698.3,soak,904,0x03400000,1,1,1,0,0,1043333120,176,0
699.0,soak,905,0x01400000,1,1,1,0,0,1044381696,176,0
699.8,soak,906,0x03000000,1,1,1,0,0,1045430272,176,0
700.5,soak,907,0x01000000,1,1,1,0,0,1046478848,176,0
701.2,soak,908,0x02C00000,1,1,1,0,0,1047527424,176,0
701.9,soak,909,0x00C00000,1,1,1,0,0,1048576000,176,0
702.6,concurrent,910,0x02800000,0,1,1,2,1,1049624576,177,0
703.1,verify-A,910,0x02800000,0,1,1,0,1,1050673152,178,0
703.8,soak,911,0x00800000,1,1,1,0,0,1051721728,178,0
704.5,soak,912,0x02400000,1,1,1,0,0,1052770304,178,0
705.2,soak,913,0x00400000,1,1,1,0,0,1053818880,178,0
705.9,soak,914,0x02000000,1,1,1,0,0,1054867456,178,0
706.6,soak,915,0x00000000,1,1,1,0,0,1055916032,178,0
707.3,soak,916,0x01C00000,1,1,1,0,0,1056964608,178,0
708.1,soak,917,0x03800000,1,1,1,0,0,1058013184,178,0
708.8,soak,918,0x01800000,1,1,1,0,0,1059061760,178,0
709.5,soak,919,0x03400000,1,1,1,0,0,1060110336,178,0
710.2,concurrent,920,0x01400000,0,1,1,9,1,1061158912,179,0
710.7,verify-A,920,0x01400000,0,1,1,0,1,1062207488,180,0
711.4,soak,921,0x03000000,1,1,1,0,0,1063256064,180,0
712.1,soak,922,0x01000000,1,1,1,0,0,1064304640,180,0
712.8,soak,923,0x02C00000,1,1,1,0,0,1065353216,180,0
713.5,soak,924,0x00C00000,1,1,1,0,0,1066401792,180,0
714.2,soak,925,0x02800000,1,1,1,0,0,1067450368,180,0
714.9,soak,926,0x00800000,1,1,1,0,0,1068498944,180,0
715.6,soak,927,0x02400000,1,1,1,0,0,1069547520,180,0
716.3,soak,928,0x00400000,1,1,1,0,0,1070596096,180,0
717.0,soak,929,0x02000000,1,1,1,0,0,1071644672,180,0
717.7,concurrent,930,0x00000000,0,1,1,9,1,1072693248,181,0
718.2,verify-A,930,0x00000000,0,1,1,0,1,1073741824,182,0
718.9,soak,931,0x01C00000,1,1,1,0,0,1074790400,182,0
719.7,soak,932,0x03800000,1,1,1,0,0,1075838976,182,0
720.4,soak,933,0x01800000,1,1,1,0,0,1076887552,182,0
721.1,soak,934,0x03400000,1,1,1,0,0,1077936128,182,0
721.8,soak,935,0x01400000,1,1,1,0,0,1078984704,182,0
722.5,soak,936,0x03000000,1,1,1,0,0,1080033280,182,0
723.2,soak,937,0x01000000,1,1,1,0,0,1081081856,182,0
723.9,soak,938,0x02C00000,1,1,1,0,0,1082130432,182,0
724.6,soak,939,0x00C00000,1,1,1,0,0,1083179008,182,0
725.3,concurrent,940,0x02800000,0,1,1,8,1,1084227584,183,0
725.8,verify-A,940,0x02800000,0,1,1,0,1,1085276160,184,0
726.5,soak,941,0x00800000,1,1,1,0,0,1086324736,184,0
727.2,soak,942,0x02400000,1,1,1,0,0,1087373312,184,0
727.9,soak,943,0x00400000,1,1,1,0,0,1088421888,184,0
728.6,soak,944,0x02000000,1,1,1,0,0,1089470464,184,0
729.3,soak,945,0x00000000,1,1,1,0,0,1090519040,184,0
730.1,soak,946,0x01C00000,1,1,1,0,0,1091567616,184,0
730.8,soak,947,0x03800000,1,1,1,0,0,1092616192,184,0
731.5,soak,948,0x01800000,1,1,1,0,0,1093664768,184,0
732.1,soak,949,0x03400000,1,1,1,0,0,1094713344,184,0
732.8,concurrent,950,0x01400000,0,1,1,6,1,1095761920,185,0
733.4,verify-A,950,0x01400000,0,1,1,0,1,1096810496,186,0
734.1,soak,951,0x03000000,1,1,1,0,0,1097859072,186,0
734.8,soak,952,0x01000000,1,1,1,0,0,1098907648,186,0
735.5,soak,953,0x02C00000,1,1,1,0,0,1099956224,186,0
736.2,soak,954,0x00C00000,1,1,1,0,0,1101004800,186,0
736.9,soak,955,0x02800000,1,1,1,0,0,1102053376,186,0
737.6,soak,956,0x00800000,1,1,1,0,0,1103101952,186,0
738.3,soak,957,0x02400000,1,1,1,0,0,1104150528,186,0
739.0,soak,958,0x00400000,1,1,1,0,0,1105199104,186,0
739.7,soak,959,0x02000000,1,1,1,0,0,1106247680,186,0
740.4,concurrent,960,0x00000000,0,1,1,4,1,1107296256,187,0
740.9,verify-A,960,0x00000000,0,1,1,0,1,1108344832,188,0
741.6,soak,961,0x01C00000,1,1,1,0,0,1109393408,188,0
742.3,soak,962,0x03800000,1,1,1,0,0,1110441984,188,0
743.0,soak,963,0x01800000,1,1,1,0,0,1111490560,188,0
743.7,soak,964,0x03400000,1,1,1,0,0,1112539136,188,0
744.4,soak,965,0x01400000,1,1,1,0,0,1113587712,188,0
745.1,soak,966,0x03000000,1,1,1,0,0,1114636288,188,0
745.8,soak,967,0x01000000,1,1,1,0,0,1115684864,188,0
746.5,soak,968,0x02C00000,1,1,1,0,0,1116733440,188,0
747.3,soak,969,0x00C00000,1,1,1,0,0,1117782016,188,0
747.9,concurrent,970,0x02800000,0,1,1,5,1,1118830592,189,0
748.5,verify-A,970,0x02800000,0,1,1,0,1,1119879168,190,0
749.2,soak,971,0x00800000,1,1,1,0,0,1120927744,190,0
749.9,soak,972,0x02400000,1,1,1,0,0,1121976320,190,0
750.6,soak,973,0x00400000,1,1,1,0,0,1123024896,190,0
751.3,soak,974,0x02000000,1,1,1,0,0,1124073472,190,0
752.0,soak,975,0x00000000,1,1,1,0,0,1125122048,190,0
752.7,soak,976,0x01C00000,1,1,1,0,0,1126170624,190,0
753.4,soak,977,0x03800000,1,1,1,0,0,1127219200,190,0
754.1,soak,978,0x01800000,1,1,1,0,0,1128267776,190,0
754.8,soak,979,0x03400000,1,1,1,0,0,1129316352,190,0
755.5,concurrent,980,0x01400000,0,1,1,2,1,1130364928,191,0
756.0,verify-A,980,0x01400000,0,1,1,0,1,1131413504,192,0
756.7,soak,981,0x03000000,1,1,1,0,0,1132462080,192,0
757.4,soak,982,0x01000000,1,1,1,0,0,1133510656,192,0
758.1,soak,983,0x02C00000,1,1,1,0,0,1134559232,192,0
758.9,soak,984,0x00C00000,1,1,1,0,0,1135607808,192,0
759.6,soak,985,0x02800000,1,1,1,0,0,1136656384,192,0
760.3,soak,986,0x00800000,1,1,1,0,0,1137704960,192,0
761.0,soak,987,0x02400000,1,1,1,0,0,1138753536,192,0
761.7,soak,988,0x00400000,1,1,1,0,0,1139802112,192,0
762.4,soak,989,0x02000000,1,1,1,0,0,1140850688,192,0
763.1,concurrent,990,0x00000000,0,1,1,9,1,1141899264,193,0
763.6,verify-A,990,0x00000000,0,1,1,0,1,1142947840,194,0
764.3,soak,991,0x01C00000,1,1,1,0,0,1143996416,194,0
765.0,soak,992,0x03800000,1,1,1,0,0,1145044992,194,0
765.7,soak,993,0x01800000,1,1,1,0,0,1146093568,194,0
766.4,soak,994,0x03400000,1,1,1,0,0,1147142144,194,0
767.2,soak,995,0x01400000,1,1,1,0,0,1148190720,194,0
767.9,soak,996,0x03000000,1,1,1,0,0,1149239296,194,0
768.6,soak,997,0x01000000,1,1,1,0,0,1150287872,194,0
769.3,soak,998,0x02C00000,1,1,1,0,0,1151336448,194,0
770.0,soak,999,0x00C00000,1,1,1,0,0,1152385024,194,0
770.7,concurrent,1000,0x02800000,0,1,1,6,1,1153433600,195,0
771.2,verify-A,1000,0x02800000,0,1,1,0,1,1154482176,196,0
771.9,soak,1001,0x00800000,1,1,1,0,0,1155530752,196,0
772.6,soak,1002,0x02400000,1,1,1,0,0,1156579328,196,0
773.3,soak,1003,0x00400000,1,1,1,0,0,1157627904,196,0
774.0,soak,1004,0x02000000,1,1,1,0,0,1158676480,196,0
774.8,soak,1005,0x00000000,1,1,1,0,0,1159725056,196,0
775.5,soak,1006,0x01C00000,1,1,1,0,0,1160773632,196,0
776.2,soak,1007,0x03800000,1,1,1,0,0,1161822208,196,0
776.9,soak,1008,0x01800000,1,1,1,0,0,1162870784,196,0
777.6,soak,1009,0x03400000,1,1,1,0,0,1163919360,196,0
778.2,concurrent,1010,0x01400000,0,1,1,1,1,1164967936,197,0
778.8,verify-A,1010,0x01400000,0,1,1,0,1,1166016512,198,0
779.5,soak,1011,0x03000000,1,1,1,0,0,1167065088,198,0
780.2,soak,1012,0x01000000,1,1,1,0,0,1168113664,198,0
780.9,soak,1013,0x02C00000,1,1,1,0,0,1169162240,198,0
781.6,soak,1014,0x00C00000,1,1,1,0,0,1170210816,198,0
782.3,soak,1015,0x02800000,1,1,1,0,0,1171259392,198,0
783.0,soak,1016,0x00800000,1,1,1,0,0,1172307968,198,0
783.7,soak,1017,0x02400000,1,1,1,0,0,1173356544,198,0
784.4,soak,1018,0x00400000,1,1,1,0,0,1174405120,198,0
785.1,soak,1019,0x02000000,1,1,1,0,0,1175453696,198,0
785.8,concurrent,1020,0x00000000,0,1,1,2,1,1176502272,199,0
786.4,verify-A,1020,0x00000000,0,1,1,0,1,1177550848,200,0
787.1,soak,1021,0x01C00000,1,1,1,0,0,1178599424,200,0
787.8,soak,1022,0x03800000,1,1,1,0,0,1179648000,200,0
788.5,soak,1023,0x01800000,1,1,1,0,0,1180696576,200,0
789.2,soak,1024,0x03400000,1,1,1,0,0,1181745152,200,0
789.9,soak,1025,0x01400000,1,1,1,0,0,1182793728,200,0
790.6,soak,1026,0x03000000,1,1,1,0,0,1183842304,200,0
791.3,soak,1027,0x01000000,1,1,1,0,0,1184890880,200,0
792.0,soak,1028,0x02C00000,1,1,1,0,0,1185939456,200,0
792.7,soak,1029,0x00C00000,1,1,1,0,0,1186988032,200,0
793.4,concurrent,1030,0x02800000,0,1,1,1,1,1188036608,201,0
793.9,verify-A,1030,0x02800000,0,1,1,0,1,1189085184,202,0
794.6,soak,1031,0x00800000,1,1,1,0,0,1190133760,202,0
795.3,soak,1032,0x02400000,1,1,1,0,0,1191182336,202,0
796.1,soak,1033,0x00400000,1,1,1,0,0,1192230912,202,0
796.8,soak,1034,0x02000000,1,1,1,0,0,1193279488,202,0
797.5,soak,1035,0x00000000,1,1,1,0,0,1194328064,202,0
798.2,soak,1036,0x01C00000,1,1,1,0,0,1195376640,202,0
798.9,soak,1037,0x03800000,1,1,1,0,0,1196425216,202,0
799.6,soak,1038,0x01800000,1,1,1,0,0,1197473792,202,0
800.3,soak,1039,0x03400000,1,1,1,0,0,1198522368,202,0
801.0,concurrent,1040,0x01400000,0,1,1,2,1,1199570944,203,0
801.5,verify-A,1040,0x01400000,0,1,1,0,1,1200619520,204,0
802.2,soak,1041,0x03000000,1,1,1,0,0,1201668096,204,0
802.9,soak,1042,0x01000000,1,1,1,0,0,1202716672,204,0
803.6,soak,1043,0x02C00000,1,1,1,0,0,1203765248,204,0
804.3,soak,1044,0x00C00000,1,1,1,0,0,1204813824,204,0
805.0,soak,1045,0x02800000,1,1,1,0,0,1205862400,204,0
805.7,soak,1046,0x00800000,1,1,1,0,0,1206910976,204,0
806.4,soak,1047,0x02400000,1,1,1,0,0,1207959552,204,0
807.1,soak,1048,0x00400000,1,1,1,0,0,1209008128,204,0
807.8,soak,1049,0x02000000,1,1,1,0,0,1210056704,204,0
808.5,concurrent,1050,0x00000000,0,1,1,5,1,1211105280,205,0
809.1,verify-A,1050,0x00000000,0,1,1,0,1,1212153856,206,0
809.8,soak,1051,0x01C00000,1,1,1,0,0,1213202432,206,0
810.5,soak,1052,0x03800000,1,1,1,0,0,1214251008,206,0
811.2,soak,1053,0x01800000,1,1,1,0,0,1215299584,206,0
811.9,soak,1054,0x03400000,1,1,1,0,0,1216348160,206,0
812.6,soak,1055,0x01400000,1,1,1,0,0,1217396736,206,0
813.3,soak,1056,0x03000000,1,1,1,0,0,1218445312,206,0
814.0,soak,1057,0x01000000,1,1,1,0,0,1219493888,206,0
814.7,soak,1058,0x02C00000,1,1,1,0,0,1220542464,206,0
815.4,soak,1059,0x00C00000,1,1,1,0,0,1221591040,206,0
816.1,concurrent,1060,0x02800000,0,1,1,1,1,1222639616,207,0
816.6,verify-A,1060,0x02800000,0,1,1,0,1,1223688192,208,0
817.3,soak,1061,0x00800000,1,1,1,0,0,1224736768,208,0
818.0,soak,1062,0x02400000,1,1,1,0,0,1225785344,208,0
818.7,soak,1063,0x00400000,1,1,1,0,0,1226833920,208,0
819.4,soak,1064,0x02000000,1,1,1,0,0,1227882496,208,0
820.1,soak,1065,0x00000000,1,1,1,0,0,1228931072,208,0
820.9,soak,1066,0x01C00000,1,1,1,0,0,1229979648,208,0
821.6,soak,1067,0x03800000,1,1,1,0,0,1231028224,208,0
822.3,soak,1068,0x01800000,1,1,1,0,0,1232076800,208,0
823.0,soak,1069,0x03400000,1,1,1,0,0,1233125376,208,0
823.7,concurrent,1070,0x01400000,0,1,1,8,1,1234173952,209,0
824.2,verify-A,1070,0x01400000,0,1,1,0,1,1235222528,210,0
824.9,soak,1071,0x03000000,1,1,1,0,0,1236271104,210,0
825.6,soak,1072,0x01000000,1,1,1,0,0,1237319680,210,0
826.3,soak,1073,0x02C00000,1,1,1,0,0,1238368256,210,0
827.0,soak,1074,0x00C00000,1,1,1,0,0,1239416832,210,0
827.7,soak,1075,0x02800000,1,1,1,0,0,1240465408,210,0
828.4,soak,1076,0x00800000,1,1,1,0,0,1241513984,210,0
829.1,soak,1077,0x02400000,1,1,1,0,0,1242562560,210,0
829.8,soak,1078,0x00400000,1,1,1,0,0,1243611136,210,0
830.6,soak,1079,0x02000000,1,1,1,0,0,1244659712,210,0
831.2,concurrent,1080,0x00000000,0,1,1,5,1,1245708288,211,0
831.8,verify-A,1080,0x00000000,0,1,1,0,1,1246756864,212,0
832.5,soak,1081,0x01C00000,1,1,1,0,0,1247805440,212,0
833.2,soak,1082,0x03800000,1,1,1,0,0,1248854016,212,0
833.9,soak,1083,0x01800000,1,1,1,0,0,1249902592,212,0
834.6,soak,1084,0x03400000,1,1,1,0,0,1250951168,212,0
835.3,soak,1085,0x01400000,1,1,1,0,0,1251999744,212,0
836.0,soak,1086,0x03000000,1,1,1,0,0,1253048320,212,0
836.8,soak,1087,0x01000000,1,1,1,0,0,1254096896,212,0
837.5,soak,1088,0x02C00000,1,1,1,0,0,1255145472,212,0
838.2,soak,1089,0x00C00000,1,1,1,0,0,1256194048,212,0
838.8,concurrent,1090,0x02800000,0,1,1,1,1,1257242624,213,0
839.4,verify-A,1090,0x02800000,0,1,1,0,1,1258291200,214,0
840.1,soak,1091,0x00800000,1,1,1,0,0,1259339776,214,0
840.8,soak,1092,0x02400000,1,1,1,0,0,1260388352,214,0
841.5,soak,1093,0x00400000,1,1,1,0,0,1261436928,214,0
842.2,soak,1094,0x02000000,1,1,1,0,0,1262485504,214,0
843.0,soak,1095,0x00000000,1,1,1,0,0,1263534080,214,0
843.7,soak,1096,0x01C00000,1,1,1,0,0,1264582656,214,0
844.4,soak,1097,0x03800000,1,1,1,0,0,1265631232,214,0
845.1,soak,1098,0x01800000,1,1,1,0,0,1266679808,214,0
845.8,soak,1099,0x03400000,1,1,1,0,0,1267728384,214,0
846.4,concurrent,1100,0x01400000,0,1,1,2,1,1268776960,215,0
847.0,verify-A,1100,0x01400000,0,1,1,0,1,1269825536,216,0
847.7,soak,1101,0x03000000,1,1,1,0,0,1270874112,216,0
848.4,soak,1102,0x01000000,1,1,1,0,0,1271922688,216,0
849.1,soak,1103,0x02C00000,1,1,1,0,0,1272971264,216,0
849.8,soak,1104,0x00C00000,1,1,1,0,0,1274019840,216,0
850.6,soak,1105,0x02800000,1,1,1,0,0,1275068416,216,0
851.3,soak,1106,0x00800000,1,1,1,0,0,1276116992,216,0
852.0,soak,1107,0x02400000,1,1,1,0,0,1277165568,216,0
852.7,soak,1108,0x00400000,1,1,1,0,0,1278214144,216,0
853.4,soak,1109,0x02000000,1,1,1,0,0,1279262720,216,0
854.0,concurrent,1110,0x00000000,0,1,1,1,1,1280311296,217,0
854.6,verify-A,1110,0x00000000,0,1,1,0,1,1281359872,218,0
855.3,soak,1111,0x01C00000,1,1,1,0,0,1282408448,218,0
856.0,soak,1112,0x03800000,1,1,1,0,0,1283457024,218,0
856.8,soak,1113,0x01800000,1,1,1,0,0,1284505600,218,0
857.5,soak,1114,0x03400000,1,1,1,0,0,1285554176,218,0
858.2,soak,1115,0x01400000,1,1,1,0,0,1286602752,218,0
858.9,soak,1116,0x03000000,1,1,1,0,0,1287651328,218,0
859.6,soak,1117,0x01000000,1,1,1,0,0,1288699904,218,0
860.3,soak,1118,0x02C00000,1,1,1,0,0,1289748480,218,0
861.0,soak,1119,0x00C00000,1,1,1,0,0,1290797056,218,0
861.6,concurrent,1120,0x02800000,0,1,1,2,1,1291845632,219,0
862.2,verify-A,1120,0x02800000,0,1,1,0,1,1292894208,220,0
862.9,soak,1121,0x00800000,1,1,1,0,0,1293942784,220,0
863.6,soak,1122,0x02400000,1,1,1,0,0,1294991360,220,0
864.3,soak,1123,0x00400000,1,1,1,0,0,1296039936,220,0
865.0,soak,1124,0x02000000,1,1,1,0,0,1297088512,220,0
865.7,soak,1125,0x00000000,1,1,1,0,0,1298137088,220,0
866.4,soak,1126,0x01C00000,1,1,1,0,0,1299185664,220,0
867.2,soak,1127,0x03800000,1,1,1,0,0,1300234240,220,0
867.9,soak,1128,0x01800000,1,1,1,0,0,1301282816,220,0
868.6,soak,1129,0x03400000,1,1,1,0,0,1302331392,220,0
869.2,concurrent,1130,0x01400000,0,1,1,6,1,1303379968,221,0
869.8,verify-A,1130,0x01400000,0,1,1,0,1,1304428544,222,0
870.5,soak,1131,0x03000000,1,1,1,0,0,1305477120,222,0
871.2,soak,1132,0x01000000,1,1,1,0,0,1306525696,222,0
871.9,soak,1133,0x02C00000,1,1,1,0,0,1307574272,222,0
872.6,soak,1134,0x00C00000,1,1,1,0,0,1308622848,222,0
873.3,soak,1135,0x02800000,1,1,1,0,0,1309671424,222,0
874.0,soak,1136,0x00800000,1,1,1,0,0,1310720000,222,0
874.7,soak,1137,0x02400000,1,1,1,0,0,1311768576,222,0
875.4,soak,1138,0x00400000,1,1,1,0,0,1312817152,222,0
876.1,soak,1139,0x02000000,1,1,1,0,0,1313865728,222,0
876.8,concurrent,1140,0x00000000,0,1,1,2,1,1314914304,223,0
877.4,verify-A,1140,0x00000000,0,1,1,0,1,1315962880,224,0
878.1,soak,1141,0x01C00000,1,1,1,0,0,1317011456,224,0
878.8,soak,1142,0x03800000,1,1,1,0,0,1318060032,224,0
879.5,soak,1143,0x01800000,1,1,1,0,0,1319108608,224,0
880.2,soak,1144,0x03400000,1,1,1,0,0,1320157184,224,0
880.9,soak,1145,0x01400000,1,1,1,0,0,1321205760,224,0
881.6,soak,1146,0x03000000,1,1,1,0,0,1322254336,224,0
882.3,soak,1147,0x01000000,1,1,1,0,0,1323302912,224,0
883.0,soak,1148,0x02C00000,1,1,1,0,0,1324351488,224,0
883.7,soak,1149,0x00C00000,1,1,1,0,0,1325400064,224,0
884.4,concurrent,1150,0x02800000,0,1,1,1,1,1326448640,225,0
884.9,verify-A,1150,0x02800000,0,1,1,0,1,1327497216,226,0
885.6,soak,1151,0x00800000,1,1,1,0,0,1328545792,226,0
886.3,soak,1152,0x02400000,1,1,1,0,0,1329594368,226,0
887.0,soak,1153,0x00400000,1,1,1,0,0,1330642944,226,0
887.7,soak,1154,0x02000000,1,1,1,0,0,1331691520,226,0
888.4,soak,1155,0x00000000,1,1,1,0,0,1332740096,226,0
889.2,soak,1156,0x01C00000,1,1,1,0,0,1333788672,226,0
889.9,soak,1157,0x03800000,1,1,1,0,0,1334837248,226,0
890.6,soak,1158,0x01800000,1,1,1,0,0,1335885824,226,0
891.3,soak,1159,0x03400000,1,1,1,0,0,1336934400,226,0
892.0,concurrent,1160,0x01400000,0,1,1,3,1,1337982976,227,0
892.5,verify-A,1160,0x01400000,0,1,1,0,1,1339031552,228,0
893.2,soak,1161,0x03000000,1,1,1,0,0,1340080128,228,0
893.9,soak,1162,0x01000000,1,1,1,0,0,1341128704,228,0
894.6,soak,1163,0x02C00000,1,1,1,0,0,1342177280,228,0
895.3,soak,1164,0x00C00000,1,1,1,0,0,1343225856,228,0
896.0,soak,1165,0x02800000,1,1,1,0,0,1344274432,228,0
896.8,soak,1166,0x00800000,1,1,1,0,0,1345323008,228,0
897.5,soak,1167,0x02400000,1,1,1,0,0,1346371584,228,0
898.2,soak,1168,0x00400000,1,1,1,0,0,1347420160,228,0
898.9,soak,1169,0x02000000,1,1,1,0,0,1348468736,228,0
899.5,concurrent,1170,0x00000000,0,1,1,1,1,1349517312,229,0
900.1,verify-A,1170,0x00000000,0,1,1,0,1,1350565888,230,0
