L0,L1,L2,L3,L4,L5,flops,combo,nand_eq
TOTAL (flattened; optimized),,,,,,22622,56312,349988
TOTAL (hierarchy kept; = sum of rows below),,,,,,46896,195306,944718
pumice_top,,,,,,46896,195306,944718
,u_core (pumice_core),,,,,22776,93251,453139
,,u_ifc (pumice_axi4_ifc),,,,16604,75938,348498
,,,u_wr_cam (pumice_wr_data_cam),,,5326,36578,143617
,,,,u_drain_q (gaxi_fifo_sync),,36,113,605
,,,,,fifo_control_inst (fifo_control),4,57,168
,,,,,read_pointer_inst (counter_bin),4,7,62
,,,,,write_pointer_inst (counter_bin),4,7,62
,,,,u_snarf_q (gaxi_fifo_sync),,36,113,605
,,,,,fifo_control_inst (fifo_control),4,57,168
,,,,,read_pointer_inst (counter_bin),4,7,62
,,,,,write_pointer_inst (counter_bin),4,7,62
,,,,u_fill_q (gaxi_fifo_sync),,36,113,605
,,,,,fifo_control_inst (fifo_control),4,57,168
,,,,,read_pointer_inst (counter_bin),4,7,62
,,,,,write_pointer_inst (counter_bin),4,7,62
,,,u_rd_cam (pumice_rd_cmd_cam),,,4696,27552,113610
,,,,u_issue_q (gaxi_fifo_sync),,36,113,605
,,,,,fifo_control_inst (fifo_control),4,57,168
,,,,,read_pointer_inst (counter_bin),4,7,62
,,,,,write_pointer_inst (counter_bin),4,7,62
,,,u_wr_intake (pumice_wr_intake),,,3354,5817,45573
,,,,u_wr_data_fifo (gaxi_fifo_sync),,2334,3426,29641
,,,,,fifo_control_inst (fifo_control),4,72,211
,,,,,read_pointer_inst (counter_bin),5,9,78
,,,,,write_pointer_inst (counter_bin),5,9,78
,,,,u_slave_wr (axi4_slave_wr),,764,1721,11867
,,,,,i_w_channel (gaxi_skid_buffer),590,1252,9026
,,,,,i_aw_channel (gaxi_skid_buffer),146,346,2256
,,,,,i_b_channel (gaxi_skid_buffer),28,109,543
,,,,u_aw_meta_fifo (gaxi_fifo_sync),,182,189,2124
,,,,,fifo_control_inst (fifo_control),4,38,120
,,,,,read_pointer_inst (counter_bin),3,5,46
,,,,,write_pointer_inst (counter_bin),3,5,46
,,,,u_addr_mapper (addr_mapper),,0,226,633
,,,,u_aw_side_fifo (gaxi_fifo_sync),,24,139,560
,,,,,fifo_control_inst (fifo_control),4,91,261
,,,,,read_pointer_inst (counter_bin),4,10,66
,,,,,write_pointer_inst (counter_bin),4,10,66
,,,,u_b_fifo (gaxi_fifo_sync),,50,90,672
,,,,,fifo_control_inst (fifo_control),4,38,120
,,,,,read_pointer_inst (counter_bin),3,5,46
,,,,,write_pointer_inst (counter_bin),3,5,46
,,,u_rd_intake (pumice_rd_intake),,,3075,5557,42530
,,,,u_rd_data_fifo (gaxi_fifo_sync),,2238,3308,28466
,,,,,fifo_control_inst (fifo_control),4,72,211
,,,,,read_pointer_inst (counter_bin),5,9,78
,,,,,write_pointer_inst (counter_bin),5,9,78
,,,,u_slave_rd (axi4_slave_rd),,712,1558,10947
,,,,,i_r_channel (gaxi_skid_buffer),566,1203,8664
,,,,,i_ar_channel (gaxi_skid_buffer),146,346,2256
,,,,u_order_fifo (gaxi_fifo_sync),,100,169,1341
,,,,,fifo_control_inst (fifo_control),4,57,168
,,,,,read_pointer_inst (counter_bin),4,7,62
,,,,,write_pointer_inst (counter_bin),4,7,62
,,,,u_addr_mapper (addr_mapper),,0,226,633
,,,,u_ar_side_fifo (gaxi_fifo_sync),,24,139,560
,,,,,fifo_control_inst (fifo_control),4,91,261
,,,,,read_pointer_inst (counter_bin),4,10,66
,,,,,write_pointer_inst (counter_bin),4,10,66
,,,u_wr_split (pumice_wr_splitter),,,81,235,1679
,,,,u_aw_chop (pumice_axi_burst_chopper),,72,198,1485
,,,u_rd_split (pumice_axi_burst_chopper),,,72,196,1480
,,u_dfi (pumice_dfi_layer),,,,4987,7808,64799
,,,u_cdc (pumice_dfi_cdc),,,4862,7081,61706
,,,,u_wd_fifo (gaxi_fifo_async),,2362,3448,29965
,,,,,fifo_control_inst (fifo_control),4,72,211
,,,,,rd_ptr_counter_bingray (counter_bingray),9,15,120
,,,,,wr_ptr_counter_bingray (counter_bingray),9,15,120
,,,,,wr_ptr_gray_cross_inst (glitch_free_n_dff_arn),10,0,100
,,,,,rd_ptr_gray_cross_inst (glitch_free_n_dff_arn),10,0,100
,,,,,wr_ptr_gray2bin_inst (gray2bin),0,5,20
,,,,,rd_ptr_gray2bin_inst (gray2bin),0,5,20
,,,,u_rd_fifo (gaxi_fifo_async),,2138,3144,27170
,,,,,fifo_control_inst (fifo_control),4,72,211
,,,,,rd_ptr_counter_bingray (counter_bingray),9,15,120
,,,,,wr_ptr_counter_bingray (counter_bingray),9,15,120
,,,,,wr_ptr_gray_cross_inst (glitch_free_n_dff_arn),10,0,100
,,,,,rd_ptr_gray_cross_inst (glitch_free_n_dff_arn),10,0,100
,,,,,wr_ptr_gray2bin_inst (gray2bin),0,5,20
,,,,,rd_ptr_gray2bin_inst (gray2bin),0,5,20
,,,,u_cmd_fifo (gaxi_fifo_async),,298,339,3613
,,,,,fifo_control_inst (fifo_control),4,57,168
,,,,,rd_ptr_counter_bingray (counter_bingray),7,12,94
,,,,,wr_ptr_counter_bingray (counter_bingray),7,12,94
,,,,,wr_ptr_gray_cross_inst (glitch_free_n_dff_arn),8,0,80
,,,,,rd_ptr_gray_cross_inst (glitch_free_n_dff_arn),8,0,80
,,,,,wr_ptr_gray2bin_inst (gray2bin),0,3,12
,,,,,rd_ptr_gray2bin_inst (gray2bin),0,3,12
,,,,u_icmp_tok (gaxi_fifo_async),,30,73,454
,,,,,fifo_control_inst (fifo_control),4,38,120
,,,,,rd_ptr_counter_bingray (counter_bingray),5,8,67
,,,,,wr_ptr_counter_bingray (counter_bingray),5,8,67
,,,,,wr_ptr_gray_cross_inst (glitch_free_n_dff_arn),6,0,60
,,,,,rd_ptr_gray_cross_inst (glitch_free_n_dff_arn),6,0,60
,,,,,wr_ptr_gray2bin_inst (gray2bin),0,2,8
,,,,,rd_ptr_gray2bin_inst (gray2bin),0,2,8
,,,,u_istart_tok (gaxi_fifo_async),,30,73,454
,,,,,fifo_control_inst (fifo_control),4,38,120
,,,,,rd_ptr_counter_bingray (counter_bingray),5,8,67
,,,,,wr_ptr_counter_bingray (counter_bingray),5,8,67
,,,,,wr_ptr_gray_cross_inst (glitch_free_n_dff_arn),6,0,60
,,,,,rd_ptr_gray_cross_inst (glitch_free_n_dff_arn),6,0,60
,,,,,wr_ptr_gray2bin_inst (gray2bin),0,2,8
,,,,,rd_ptr_gray2bin_inst (gray2bin),0,2,8
,,,u_rd (pumice_dfi_rd_aligner),,,43,292,1255
,,,u_cmd (pumice_dfi_cmd_path),,,47,287,1142
,,,,u_fmt (dfi_cmd_formatter),,42,259,1028
,,,u_wr (pumice_dfi_wr_serializer),,,35,142,685
,,u_sched (pumice_mem_cmd_scheduler),,,,1185,9429,39646
,,,u_arbiter (pumice_cmd_arbiter),,,240,6173,20929
,,,u_bank_timers (pumice_bank_timers),,,448,1706,9880
,,,,u_bt (bank_timer),,56,207,1223
,,,,u_bt (bank_timer),,56,207,1223
,,,,u_bt (bank_timer),,56,207,1223
,,,,u_bt (bank_timer),,56,207,1223
,,,,u_bt (bank_timer),,56,207,1223
,,,,u_bt (bank_timer),,56,207,1223
,,,,u_bt (bank_timer),,56,207,1223
,,,,u_bt (bank_timer),,56,207,1223
,,,u_cmd_fifo (gaxi_fifo_sync),,,276,323,3365
,,,,fifo_control_inst (fifo_control),,4,57,168
,,,,read_pointer_inst (counter_bin),,4,7,62
,,,,write_pointer_inst (counter_bin),,4,7,62
,,,u_global_timers (global_timers),,,69,449,1885
,,,u_init (init_sequencer),,,30,476,1518
,,,u_refresh (refresh_ctrl),,,89,194,1467
,,,u_mode_reg (mode_register),,,33,97,571
,u_csr (pumice_csr),,,,,672,4400,19217
