freq_mhz,period_ns,group,wns_ns,slack_status,utilization_luts,utilization_ffs,utilization_brams,utilization_dsps,data_delay_ns,logic_levels
100,10.0,clk:Slow 1100mV 85C,-2.384,FAIL,746,1559,1,1,,
100,10.0,clk:Slow 1100mV 0C,-2.39,FAIL,746,1559,1,1,,
100,10.0,clk:Fast 1100mV 85C,0.11,PASS,746,1559,1,1,,
100,10.0,clk:Fast 1100mV 0C,0.169,PASS,746,1559,1,1,,
100,10.0,fub:design,-2.384,FAIL,746,1559,1,1,5.984,2
100,10.0,fub:nand,4.836,PASS,746,1559,1,1,5.886,4
100,10.0,fub:nand.io,-0.067,FAIL,746,1559,1,1,2.701,0
100,10.0,fub:inv,7.241,PASS,746,1559,1,1,3.398,0
100,10.0,fub:inv.io,0.323,PASS,746,1559,1,1,2.828,0
100,10.0,fub:xor,2.935,PASS,746,1559,1,1,7.746,5
100,10.0,fub:xor.io,-0.211,FAIL,746,1559,1,1,2.855,0
100,10.0,fub:carry,3.129,PASS,746,1559,1,1,7.481,1
100,10.0,fub:carry.io,-0.226,FAIL,746,1559,1,1,2.864,0
100,10.0,fub:mult,1.362,PASS,746,1559,1,1,8.617,0
100,10.0,fub:mult.io,-0.206,FAIL,746,1559,1,1,2.819,0
100,10.0,fub:mux,3.554,PASS,746,1559,1,1,7.101,5
100,10.0,fub:mux.io,-0.161,FAIL,746,1559,1,1,2.835,0
100,10.0,fub:queue,2.4,PASS,746,1559,1,1,8.202,3
100,10.0,fub:queue.io,-2.384,FAIL,746,1559,1,1,5.984,2
100,10.0,fub:clkdiv,7.449,PASS,746,1559,1,1,1.706,1
100,10.0,fub:clkdiv.io,-1.913,FAIL,746,1559,1,1,5.778,0
100,10.0,fub:gray,2.712,PASS,746,1559,1,1,8.531,0
100,10.0,fub:gray.io,-0.301,FAIL,746,1559,1,1,2.901,0
150,6.6667,clk:Slow 1100mV 85C,-5.049,FAIL,741,1544,1,1,,
150,6.6667,clk:Slow 1100mV 0C,-5.041,FAIL,741,1544,1,1,,
150,6.6667,clk:Fast 1100mV 85C,-0.834,FAIL,741,1544,1,1,,
150,6.6667,clk:Fast 1100mV 0C,-0.775,FAIL,741,1544,1,1,,
150,6.6667,fub:design,-5.049,FAIL,741,1544,1,1,6.009,2
150,6.6667,fub:nand,1.464,PASS,741,1544,1,1,6.018,5
150,6.6667,fub:nand.io,-2.578,FAIL,741,1544,1,1,2.851,0
150,6.6667,fub:inv,5.489,PASS,741,1544,1,1,1.647,0
150,6.6667,fub:inv.io,-2.536,FAIL,741,1544,1,1,2.732,0
150,6.6667,fub:xor,-1.226,FAIL,741,1544,1,1,8.106,4
150,6.6667,fub:xor.io,-2.349,FAIL,741,1544,1,1,2.816,0
150,6.6667,fub:carry,-0.529,FAIL,741,1544,1,1,7.638,1
150,6.6667,fub:carry.io,-2.607,FAIL,741,1544,1,1,2.853,0
150,6.6667,fub:mult,0.058,PASS,741,1544,1,1,6.890,0
150,6.6667,fub:mult.io,-2.909,FAIL,741,1544,1,1,2.864,0
150,6.6667,fub:mux,-1.414,FAIL,741,1544,1,1,8.759,5
150,6.6667,fub:mux.io,-2.223,FAIL,741,1544,1,1,2.690,0
150,6.6667,fub:queue,0.161,PASS,741,1544,1,1,5.300,1
150,6.6667,fub:queue.io,-5.049,FAIL,741,1544,1,1,6.009,2
150,6.6667,fub:clkdiv,4.116,PASS,741,1544,1,1,1.749,1
150,6.6667,fub:clkdiv.io,-4.661,FAIL,741,1544,1,1,5.836,0
150,6.6667,fub:gray,2.242,PASS,741,1544,1,1,5.041,0
150,6.6667,fub:gray.io,-3.083,FAIL,741,1544,1,1,2.862,0
200,5.0,clk:Slow 1100mV 85C,-6.642,FAIL,439,882,1,1,,
200,5.0,clk:Slow 1100mV 0C,-6.632,FAIL,439,882,1,1,,
200,5.0,clk:Fast 1100mV 85C,-1.63,FAIL,439,882,1,1,,
200,5.0,clk:Fast 1100mV 0C,-1.353,FAIL,439,882,1,1,,
200,5.0,fub:design,-6.642,FAIL,439,882,1,1,6.268,2
200,5.0,fub:nand,-0.56,FAIL,439,882,1,1,6.218,3
200,5.0,fub:nand.io,-4.202,FAIL,439,882,1,1,2.884,0
200,5.0,fub:inv,-0.196,FAIL,439,882,1,1,5.578,0
200,5.0,fub:inv.io,-3.711,FAIL,439,882,1,1,2.678,0
200,5.0,fub:xor,-0.955,FAIL,439,882,1,1,6.252,4
200,5.0,fub:xor.io,-3.866,FAIL,439,882,1,1,2.851,0
200,5.0,fub:carry,-2.504,FAIL,439,882,1,1,7.659,1
200,5.0,fub:carry.io,-4.267,FAIL,439,882,1,1,2.895,0
200,5.0,fub:mult,-2.45,FAIL,439,882,1,1,7.537,0
200,5.0,fub:mult.io,-4.226,FAIL,439,882,1,1,2.819,0
200,5.0,fub:mux,-2.496,FAIL,439,882,1,1,7.861,4
200,5.0,fub:mux.io,-3.777,FAIL,439,882,1,1,2.732,0
200,5.0,fub:queue,-2.452,FAIL,439,882,1,1,7.624,3
200,5.0,fub:queue.io,-6.642,FAIL,439,882,1,1,6.268,2
200,5.0,fub:clkdiv,2.474,PASS,439,882,1,1,1.683,1
200,5.0,fub:clkdiv.io,-6.061,FAIL,439,882,1,1,5.939,0
200,5.0,fub:gray,-0.729,FAIL,439,882,1,1,5.807,0
200,5.0,fub:gray.io,-3.951,FAIL,439,882,1,1,2.853,0
250,4.0,clk:Slow 1100mV 85C,-7.462,FAIL,439,884,1,1,,
250,4.0,clk:Slow 1100mV 0C,-7.449,FAIL,439,884,1,1,,
250,4.0,clk:Fast 1100mV 85C,-2.387,FAIL,439,884,1,1,,
250,4.0,clk:Fast 1100mV 0C,-2.077,FAIL,439,884,1,1,,
250,4.0,fub:design,-7.462,FAIL,439,884,1,1,6.270,2
250,4.0,fub:nand,-1.277,FAIL,439,884,1,1,5.956,3
250,4.0,fub:nand.io,-4.956,FAIL,439,884,1,1,2.831,0
250,4.0,fub:inv,2.85,PASS,439,884,1,1,1.627,0
250,4.0,fub:inv.io,-4.832,FAIL,439,884,1,1,2.895,0
250,4.0,fub:xor,-0.602,FAIL,439,884,1,1,5.267,3
250,4.0,fub:xor.io,-4.8,FAIL,439,884,1,1,2.672,0
250,4.0,fub:carry,-3.743,FAIL,439,884,1,1,7.709,1
250,4.0,fub:carry.io,-5.011,FAIL,439,884,1,1,2.874,0
250,4.0,fub:mult,-4.7,FAIL,439,884,1,1,8.942,0
250,4.0,fub:mult.io,-5.204,FAIL,439,884,1,1,2.903,0
250,4.0,fub:mux,-1.991,FAIL,439,884,1,1,6.661,4
250,4.0,fub:mux.io,-5.0,FAIL,439,884,1,1,2.884,0
250,4.0,fub:queue,-3.823,FAIL,439,884,1,1,6.222,1
250,4.0,fub:queue.io,-7.462,FAIL,439,884,1,1,6.270,2
250,4.0,fub:clkdiv,1.568,PASS,439,884,1,1,1.654,1
250,4.0,fub:clkdiv.io,-6.998,FAIL,439,884,1,1,6.008,0
250,4.0,fub:gray,-1.298,FAIL,439,884,1,1,5.910,1
250,4.0,fub:gray.io,-5.222,FAIL,439,884,1,1,2.862,0
300,3.3333,clk:Slow 1100mV 85C,-9.343,FAIL,439,894,1,1,,
300,3.3333,clk:Slow 1100mV 0C,-9.342,FAIL,439,894,1,1,,
300,3.3333,clk:Fast 1100mV 85C,-3.556,FAIL,439,894,1,1,,
300,3.3333,clk:Fast 1100mV 0C,-3.226,FAIL,439,894,1,1,,
300,3.3333,fub:design,-9.343,FAIL,439,894,1,1,8.090,2
300,3.3333,fub:nand,-3.736,FAIL,439,894,1,1,7.365,3
300,3.3333,fub:nand.io,-5.143,FAIL,439,894,1,1,2.808,0
300,3.3333,fub:inv,-0.898,FAIL,439,894,1,1,4.842,0
300,3.3333,fub:inv.io,-5.312,FAIL,439,894,1,1,2.708,0
300,3.3333,fub:xor,-2.238,FAIL,439,894,1,1,6.286,4
300,3.3333,fub:xor.io,-5.386,FAIL,439,894,1,1,2.692,0
300,3.3333,fub:carry,-4.232,FAIL,439,894,1,1,7.529,1
300,3.3333,fub:carry.io,-5.61,FAIL,439,894,1,1,2.854,0
300,3.3333,fub:mult,-4.303,FAIL,439,894,1,1,8.177,0
300,3.3333,fub:mult.io,-5.515,FAIL,439,894,1,1,2.884,0
300,3.3333,fub:mux,-2.917,FAIL,439,894,1,1,6.932,4
300,3.3333,fub:mux.io,-5.417,FAIL,439,894,1,1,2.713,0
300,3.3333,fub:queue,-4.352,FAIL,439,894,1,1,6.190,1
300,3.3333,fub:queue.io,-9.343,FAIL,439,894,1,1,8.090,2
300,3.3333,fub:clkdiv,0.71,PASS,439,894,1,1,1.785,1
300,3.3333,fub:clkdiv.io,-7.4,FAIL,439,894,1,1,5.939,0
300,3.3333,fub:gray,-1.444,FAIL,439,894,1,1,5.622,1
300,3.3333,fub:gray.io,-5.749,FAIL,439,894,1,1,2.862,0
