fub,slack_ns,data_delay_ns,logic_levels,from,to
design,-3.002,9.463,10,multiplier_tree:gen_mult.u_multiplier|math_multiplier_wallace_tree_016:gen_wallace.gen_w16.u_mult|math_adder_full:FA_07_08|ow_sum~0_OTERM667,multiplier_tree:gen_mult.u_multiplier|math_multiplier_wallace_tree_016:gen_wallace.gen_w16.u_mult|math_adder_full:FA_18_11|ow_carry_OTERM749
nand,,,,,
nand.io,,,,,
inv,,,,,
inv.io,,,,,
xor,,,,,
xor.io,,,,,
carry,,,,,
carry.io,,,,,
mult,-3.002,9.463,10,multiplier_tree:gen_mult.u_multiplier|math_multiplier_wallace_tree_016:gen_wallace.gen_w16.u_mult|math_adder_full:FA_07_08|ow_sum~0_OTERM667,multiplier_tree:gen_mult.u_multiplier|math_multiplier_wallace_tree_016:gen_wallace.gen_w16.u_mult|math_adder_full:FA_18_11|ow_carry_OTERM749
mult.io,-3.002,9.463,10,multiplier_tree:gen_mult.u_multiplier|math_multiplier_wallace_tree_016:gen_wallace.gen_w16.u_mult|math_adder_full:FA_07_08|ow_sum~0_OTERM667,multiplier_tree:gen_mult.u_multiplier|math_multiplier_wallace_tree_016:gen_wallace.gen_w16.u_mult|math_adder_full:FA_18_11|ow_carry_OTERM749
mux,,,,,
mux.io,,,,,
queue,,,,,
queue.io,,,,,
clkdiv,,,,,
clkdiv.io,,,,,
gray,,,,,
gray.io,,,,,
