freq_mhz,period_ns,variant,group,wns_ns,slack_status,utilization_luts,utilization_ffs,utilization_brams,utilization_dsps,data_delay_ns,logic_levels
150,6.6667,NAND_LEVELS=10,clk:Slow 1100mV 85C,-0.855,FAIL,491,699,0,0,,
150,6.6667,NAND_LEVELS=10,clk:Slow 1100mV 0C,-0.802,FAIL,491,699,0,0,,
150,6.6667,NAND_LEVELS=10,clk:Fast 1100mV 85C,1.378,PASS,491,699,0,0,,
150,6.6667,NAND_LEVELS=10,clk:Fast 1100mV 0C,1.442,PASS,491,699,0,0,,
150,6.6667,NAND_LEVELS=10,fub:design,-0.855,FAIL,491,699,0,0,0.881,0
150,6.6667,NAND_LEVELS=10,fub:nand,1.73,PASS,491,699,0,0,4.722,4
150,6.6667,NAND_LEVELS=10,fub:nand.io,-0.855,FAIL,491,699,0,0,0.881,0
150,6.6667,NAND_LEVELS=12,clk:Slow 1100mV 85C,-0.617,FAIL,927,1051,0,0,,
150,6.6667,NAND_LEVELS=12,clk:Slow 1100mV 0C,-0.527,FAIL,927,1051,0,0,,
150,6.6667,NAND_LEVELS=12,clk:Fast 1100mV 85C,1.509,PASS,927,1051,0,0,,
150,6.6667,NAND_LEVELS=12,clk:Fast 1100mV 0C,1.586,PASS,927,1051,0,0,,
150,6.6667,NAND_LEVELS=12,fub:design,-0.617,FAIL,927,1051,0,0,1.087,0
150,6.6667,NAND_LEVELS=12,fub:nand,0.707,PASS,927,1051,0,0,5.269,5
150,6.6667,NAND_LEVELS=12,fub:nand.io,-0.617,FAIL,927,1051,0,0,1.087,0
150,6.6667,NAND_LEVELS=4,clk:Slow 1100mV 85C,-0.362,FAIL,148,52,0,0,,
150,6.6667,NAND_LEVELS=4,clk:Slow 1100mV 0C,-0.318,FAIL,148,52,0,0,,
150,6.6667,NAND_LEVELS=4,clk:Fast 1100mV 85C,1.848,PASS,148,52,0,0,,
150,6.6667,NAND_LEVELS=4,clk:Fast 1100mV 0C,1.866,PASS,148,52,0,0,,
150,6.6667,NAND_LEVELS=4,fub:design,-0.362,FAIL,148,52,0,0,0.383,0
150,6.6667,NAND_LEVELS=4,fub:nand,4.12,PASS,148,52,0,0,2.356,2
150,6.6667,NAND_LEVELS=4,fub:nand.io,-0.362,FAIL,148,52,0,0,0.383,0
150,6.6667,NAND_LEVELS=6,clk:Slow 1100mV 85C,-0.746,FAIL,173,105,0,0,,
150,6.6667,NAND_LEVELS=6,clk:Slow 1100mV 0C,-0.656,FAIL,173,105,0,0,,
150,6.6667,NAND_LEVELS=6,clk:Fast 1100mV 85C,1.574,PASS,173,105,0,0,,
150,6.6667,NAND_LEVELS=6,clk:Fast 1100mV 0C,1.615,PASS,173,105,0,0,,
150,6.6667,NAND_LEVELS=6,fub:design,-0.746,FAIL,173,105,0,0,0.587,0
150,6.6667,NAND_LEVELS=6,fub:nand,3.028,PASS,173,105,0,0,3.423,3
150,6.6667,NAND_LEVELS=6,fub:nand.io,-0.746,FAIL,173,105,0,0,0.587,0
150,6.6667,NAND_LEVELS=8,clk:Slow 1100mV 85C,-0.742,FAIL,278,302,0,0,,
150,6.6667,NAND_LEVELS=8,clk:Slow 1100mV 0C,-0.663,FAIL,278,302,0,0,,
150,6.6667,NAND_LEVELS=8,clk:Fast 1100mV 85C,1.602,PASS,278,302,0,0,,
150,6.6667,NAND_LEVELS=8,clk:Fast 1100mV 0C,1.664,PASS,278,302,0,0,,
150,6.6667,NAND_LEVELS=8,fub:design,-0.742,FAIL,278,302,0,0,0.576,0
150,6.6667,NAND_LEVELS=8,fub:nand,2.041,PASS,278,302,0,0,4.406,4
150,6.6667,NAND_LEVELS=8,fub:nand.io,-0.742,FAIL,278,302,0,0,0.576,0
